2025-09-23 19:06:36,505 [Worker-6: Loading available Gradle versions] INFO  o.e.b.c.i.u.g.PublishedGradleVersions - Gradle version information cache is not available. Remote download required.
2025-09-23 19:15:31,018 [Worker-10: Import Getting Started Content] INFO  o.e.m.c.i.l.LifecycleMappingFactory - Using org.eclipse.m2e.jdt.JarLifecycleMapping lifecycle mapping for MavenProject: com.cozystay:cozystay:0.0.1-SNAPSHOT @ C:\Users\nakka\OneDrive\Desktop\cozystay-backend\cozystay\pom.xml.
2025-09-23 19:15:38,286 [Worker-10: Import Getting Started Content] INFO  o.e.m.c.i.e.AbstractTransferListenerAdapter - Downloading https://repo.maven.apache.org/maven2/org/springframework/boot/spring-boot-starter-security/3.5.6/spring-boot-starter-security-3.5.6.pom
2025-09-23 19:15:39,071 [Worker-10: Import Getting Started Content] INFO  o.e.m.c.i.e.AbstractTransferListenerAdapter - Downloaded https://repo.maven.apache.org/maven2/org/springframework/boot/spring-boot-starter-security/3.5.6/spring-boot-starter-security-3.5.6.pom
2025-09-23 19:15:39,297 [Worker-10: Import Getting Started Content] INFO  o.e.m.c.i.e.AbstractTransferListenerAdapter - Downloading https://repo.maven.apache.org/maven2/org/springframework/security/spring-security-config/6.5.5/spring-security-config-6.5.5.pom
2025-09-23 19:15:39,723 [Worker-10: Import Getting Started Content] INFO  o.e.m.c.i.e.AbstractTransferListenerAdapter - Downloaded https://repo.maven.apache.org/maven2/org/springframework/security/spring-security-config/6.5.5/spring-security-config-6.5.5.pom
2025-09-23 19:15:39,830 [Worker-10: Import Getting Started Content] INFO  o.e.m.c.i.e.AbstractTransferListenerAdapter - Downloading https://repo.maven.apache.org/maven2/org/springframework/security/spring-security-core/6.5.5/spring-security-core-6.5.5.pom
2025-09-23 19:15:40,115 [Worker-10: Import Getting Started Content] INFO  o.e.m.c.i.e.AbstractTransferListenerAdapter - Downloaded https://repo.maven.apache.org/maven2/org/springframework/security/spring-security-core/6.5.5/spring-security-core-6.5.5.pom
2025-09-23 19:15:40,200 [Worker-10: Import Getting Started Content] INFO  o.e.m.c.i.e.AbstractTransferListenerAdapter - Downloading https://repo.maven.apache.org/maven2/org/springframework/security/spring-security-crypto/6.5.5/spring-security-crypto-6.5.5.pom
2025-09-23 19:15:40,418 [Worker-10: Import Getting Started Content] INFO  o.e.m.c.i.e.AbstractTransferListenerAdapter - Downloaded https://repo.maven.apache.org/maven2/org/springframework/security/spring-security-crypto/6.5.5/spring-security-crypto-6.5.5.pom
2025-09-23 19:15:40,630 [Worker-10: Import Getting Started Content] INFO  o.e.m.c.i.e.AbstractTransferListenerAdapter - Downloading https://repo.maven.apache.org/maven2/org/springframework/security/spring-security-web/6.5.5/spring-security-web-6.5.5.pom
2025-09-23 19:15:40,750 [Worker-10: Import Getting Started Content] INFO  o.e.m.c.i.e.AbstractTransferListenerAdapter - Downloaded https://repo.maven.apache.org/maven2/org/springframework/security/spring-security-web/6.5.5/spring-security-web-6.5.5.pom
2025-09-23 19:15:40,963 [Worker-10: Import Getting Started Content] INFO  o.e.m.c.i.e.AbstractTransferListenerAdapter - Downloading https://repo.maven.apache.org/maven2/org/springframework/boot/spring-boot-starter-validation/3.5.6/spring-boot-starter-validation-3.5.6.pom
2025-09-23 19:15:41,090 [Worker-10: Import Getting Started Content] INFO  o.e.m.c.i.e.AbstractTransferListenerAdapter - Downloaded https://repo.maven.apache.org/maven2/org/springframework/boot/spring-boot-starter-validation/3.5.6/spring-boot-starter-validation-3.5.6.pom
2025-09-23 19:15:41,260 [Worker-10: Import Getting Started Content] INFO  o.e.m.c.i.e.AbstractTransferListenerAdapter - Downloading https://repo.maven.apache.org/maven2/org/hibernate/validator/hibernate-validator/8.0.3.Final/hibernate-validator-8.0.3.Final.pom
2025-09-23 19:15:41,408 [Worker-10: Import Getting Started Content] INFO  o.e.m.c.i.e.AbstractTransferListenerAdapter - Downloaded https://repo.maven.apache.org/maven2/org/hibernate/validator/hibernate-validator/8.0.3.Final/hibernate-validator-8.0.3.Final.pom
2025-09-23 19:15:43,181 [Worker-10: Import Getting Started Content] INFO  o.e.m.c.i.e.AbstractTransferListenerAdapter - Downloading https://repo.maven.apache.org/maven2/org/springframework/boot/spring-boot-starter-webflux/3.5.6/spring-boot-starter-webflux-3.5.6.pom
2025-09-23 19:15:43,375 [Worker-10: Import Getting Started Content] INFO  o.e.m.c.i.e.AbstractTransferListenerAdapter - Downloaded https://repo.maven.apache.org/maven2/org/springframework/boot/spring-boot-starter-webflux/3.5.6/spring-boot-starter-webflux-3.5.6.pom
2025-09-23 19:15:43,511 [Worker-10: Import Getting Started Content] INFO  o.e.m.c.i.e.AbstractTransferListenerAdapter - Downloading https://repo.maven.apache.org/maven2/org/springframework/boot/spring-boot-starter-reactor-netty/3.5.6/spring-boot-starter-reactor-netty-3.5.6.pom
2025-09-23 19:15:43,605 [Worker-10: Import Getting Started Content] INFO  o.e.m.c.i.e.AbstractTransferListenerAdapter - Downloaded https://repo.maven.apache.org/maven2/org/springframework/boot/spring-boot-starter-reactor-netty/3.5.6/spring-boot-starter-reactor-netty-3.5.6.pom
2025-09-23 19:15:43,674 [Worker-10: Import Getting Started Content] INFO  o.e.m.c.i.e.AbstractTransferListenerAdapter - Downloading https://repo.maven.apache.org/maven2/io/projectreactor/netty/reactor-netty-http/1.2.10/reactor-netty-http-1.2.10.pom
2025-09-23 19:15:43,859 [Worker-10: Import Getting Started Content] INFO  o.e.m.c.i.e.AbstractTransferListenerAdapter - Downloaded https://repo.maven.apache.org/maven2/io/projectreactor/netty/reactor-netty-http/1.2.10/reactor-netty-http-1.2.10.pom
2025-09-23 19:15:44,010 [Worker-10: Import Getting Started Content] INFO  o.e.m.c.i.e.AbstractTransferListenerAdapter - Downloading https://repo.maven.apache.org/maven2/io/netty/netty-codec-http/4.1.127.Final/netty-codec-http-4.1.127.Final.pom
2025-09-23 19:15:44,094 [Worker-10: Import Getting Started Content] INFO  o.e.m.c.i.e.AbstractTransferListenerAdapter - Downloaded https://repo.maven.apache.org/maven2/io/netty/netty-codec-http/4.1.127.Final/netty-codec-http-4.1.127.Final.pom
2025-09-23 19:15:44,225 [Worker-10: Import Getting Started Content] INFO  o.e.m.c.i.e.AbstractTransferListenerAdapter - Downloading https://repo.maven.apache.org/maven2/io/netty/netty-parent/4.1.127.Final/netty-parent-4.1.127.Final.pom
2025-09-23 19:15:44,582 [Worker-10: Import Getting Started Content] INFO  o.e.m.c.i.e.AbstractTransferListenerAdapter - Downloaded https://repo.maven.apache.org/maven2/io/netty/netty-parent/4.1.127.Final/netty-parent-4.1.127.Final.pom
2025-09-23 19:15:44,746 [Worker-10: Import Getting Started Content] INFO  o.e.m.c.i.e.AbstractTransferListenerAdapter - Downloading https://repo.maven.apache.org/maven2/io/netty/netty-common/4.1.127.Final/netty-common-4.1.127.Final.pom
2025-09-23 19:15:44,854 [Worker-10: Import Getting Started Content] INFO  o.e.m.c.i.e.AbstractTransferListenerAdapter - Downloaded https://repo.maven.apache.org/maven2/io/netty/netty-common/4.1.127.Final/netty-common-4.1.127.Final.pom
2025-09-23 19:15:45,080 [Worker-10: Import Getting Started Content] INFO  o.e.m.c.i.e.AbstractTransferListenerAdapter - Downloading https://repo.maven.apache.org/maven2/io/netty/netty-buffer/4.1.127.Final/netty-buffer-4.1.127.Final.pom
2025-09-23 19:15:45,220 [Worker-10: Import Getting Started Content] INFO  o.e.m.c.i.e.AbstractTransferListenerAdapter - Downloaded https://repo.maven.apache.org/maven2/io/netty/netty-buffer/4.1.127.Final/netty-buffer-4.1.127.Final.pom
2025-09-23 19:15:45,270 [Worker-10: Import Getting Started Content] INFO  o.e.m.c.i.e.AbstractTransferListenerAdapter - Downloading https://repo.maven.apache.org/maven2/io/netty/netty-transport/4.1.127.Final/netty-transport-4.1.127.Final.pom
2025-09-23 19:15:45,353 [Worker-10: Import Getting Started Content] INFO  o.e.m.c.i.e.AbstractTransferListenerAdapter - Downloaded https://repo.maven.apache.org/maven2/io/netty/netty-transport/4.1.127.Final/netty-transport-4.1.127.Final.pom
2025-09-23 19:15:45,591 [Worker-10: Import Getting Started Content] INFO  o.e.m.c.i.e.AbstractTransferListenerAdapter - Downloading https://repo.maven.apache.org/maven2/io/netty/netty-resolver/4.1.127.Final/netty-resolver-4.1.127.Final.pom
2025-09-23 19:15:45,738 [Worker-10: Import Getting Started Content] INFO  o.e.m.c.i.e.AbstractTransferListenerAdapter - Downloaded https://repo.maven.apache.org/maven2/io/netty/netty-resolver/4.1.127.Final/netty-resolver-4.1.127.Final.pom
2025-09-23 19:15:45,816 [Worker-10: Import Getting Started Content] INFO  o.e.m.c.i.e.AbstractTransferListenerAdapter - Downloading https://repo.maven.apache.org/maven2/io/netty/netty-codec/4.1.127.Final/netty-codec-4.1.127.Final.pom
2025-09-23 19:15:45,939 [Worker-10: Import Getting Started Content] INFO  o.e.m.c.i.e.AbstractTransferListenerAdapter - Downloaded https://repo.maven.apache.org/maven2/io/netty/netty-codec/4.1.127.Final/netty-codec-4.1.127.Final.pom
2025-09-23 19:15:46,077 [Worker-10: Import Getting Started Content] INFO  o.e.m.c.i.e.AbstractTransferListenerAdapter - Downloading https://repo.maven.apache.org/maven2/io/netty/netty-handler/4.1.127.Final/netty-handler-4.1.127.Final.pom
2025-09-23 19:15:46,189 [Worker-10: Import Getting Started Content] INFO  o.e.m.c.i.e.AbstractTransferListenerAdapter - Downloaded https://repo.maven.apache.org/maven2/io/netty/netty-handler/4.1.127.Final/netty-handler-4.1.127.Final.pom
2025-09-23 19:15:46,378 [Worker-10: Import Getting Started Content] INFO  o.e.m.c.i.e.AbstractTransferListenerAdapter - Downloading https://repo.maven.apache.org/maven2/io/netty/netty-transport-native-unix-common/4.1.127.Final/netty-transport-native-unix-common-4.1.127.Final.pom
2025-09-23 19:15:46,608 [Worker-10: Import Getting Started Content] INFO  o.e.m.c.i.e.AbstractTransferListenerAdapter - Downloaded https://repo.maven.apache.org/maven2/io/netty/netty-transport-native-unix-common/4.1.127.Final/netty-transport-native-unix-common-4.1.127.Final.pom
2025-09-23 19:15:46,980 [Worker-10: Import Getting Started Content] INFO  o.e.m.c.i.e.AbstractTransferListenerAdapter - Downloading https://repo.maven.apache.org/maven2/io/netty/netty-codec-http2/4.1.127.Final/netty-codec-http2-4.1.127.Final.pom
2025-09-23 19:15:47,075 [Worker-10: Import Getting Started Content] INFO  o.e.m.c.i.e.AbstractTransferListenerAdapter - Downloaded https://repo.maven.apache.org/maven2/io/netty/netty-codec-http2/4.1.127.Final/netty-codec-http2-4.1.127.Final.pom
2025-09-23 19:15:47,393 [Worker-10: Import Getting Started Content] INFO  o.e.m.c.i.e.AbstractTransferListenerAdapter - Downloading https://repo.maven.apache.org/maven2/io/netty/netty-resolver-dns/4.1.127.Final/netty-resolver-dns-4.1.127.Final.pom
2025-09-23 19:15:47,546 [Worker-10: Import Getting Started Content] INFO  o.e.m.c.i.e.AbstractTransferListenerAdapter - Downloaded https://repo.maven.apache.org/maven2/io/netty/netty-resolver-dns/4.1.127.Final/netty-resolver-dns-4.1.127.Final.pom
2025-09-23 19:15:47,692 [Worker-10: Import Getting Started Content] INFO  o.e.m.c.i.e.AbstractTransferListenerAdapter - Downloading https://repo.maven.apache.org/maven2/io/netty/netty-codec-dns/4.1.127.Final/netty-codec-dns-4.1.127.Final.pom
2025-09-23 19:15:47,869 [Worker-10: Import Getting Started Content] INFO  o.e.m.c.i.e.AbstractTransferListenerAdapter - Downloaded https://repo.maven.apache.org/maven2/io/netty/netty-codec-dns/4.1.127.Final/netty-codec-dns-4.1.127.Final.pom
2025-09-23 19:15:48,201 [Worker-10: Import Getting Started Content] INFO  o.e.m.c.i.e.AbstractTransferListenerAdapter - Downloading https://repo.maven.apache.org/maven2/io/netty/netty-resolver-dns-native-macos/4.1.127.Final/netty-resolver-dns-native-macos-4.1.127.Final.pom
2025-09-23 19:15:48,358 [Worker-10: Import Getting Started Content] INFO  o.e.m.c.i.e.AbstractTransferListenerAdapter - Downloaded https://repo.maven.apache.org/maven2/io/netty/netty-resolver-dns-native-macos/4.1.127.Final/netty-resolver-dns-native-macos-4.1.127.Final.pom
2025-09-23 19:15:48,511 [Worker-10: Import Getting Started Content] INFO  o.e.m.c.i.e.AbstractTransferListenerAdapter - Downloading https://repo.maven.apache.org/maven2/io/netty/netty-resolver-dns-classes-macos/4.1.127.Final/netty-resolver-dns-classes-macos-4.1.127.Final.pom
2025-09-23 19:15:48,617 [Worker-10: Import Getting Started Content] INFO  o.e.m.c.i.e.AbstractTransferListenerAdapter - Downloaded https://repo.maven.apache.org/maven2/io/netty/netty-resolver-dns-classes-macos/4.1.127.Final/netty-resolver-dns-classes-macos-4.1.127.Final.pom
2025-09-23 19:15:48,757 [Worker-10: Import Getting Started Content] INFO  o.e.m.c.i.e.AbstractTransferListenerAdapter - Downloading https://repo.maven.apache.org/maven2/io/netty/netty-transport-native-epoll/4.1.127.Final/netty-transport-native-epoll-4.1.127.Final.pom
2025-09-23 19:15:48,896 [Worker-10: Import Getting Started Content] INFO  o.e.m.c.i.e.AbstractTransferListenerAdapter - Downloaded https://repo.maven.apache.org/maven2/io/netty/netty-transport-native-epoll/4.1.127.Final/netty-transport-native-epoll-4.1.127.Final.pom
2025-09-23 19:15:48,969 [Worker-10: Import Getting Started Content] INFO  o.e.m.c.i.e.AbstractTransferListenerAdapter - Downloading https://repo.maven.apache.org/maven2/io/netty/netty-transport-classes-epoll/4.1.127.Final/netty-transport-classes-epoll-4.1.127.Final.pom
2025-09-23 19:15:49,038 [Worker-10: Import Getting Started Content] INFO  o.e.m.c.i.e.AbstractTransferListenerAdapter - Downloaded https://repo.maven.apache.org/maven2/io/netty/netty-transport-classes-epoll/4.1.127.Final/netty-transport-classes-epoll-4.1.127.Final.pom
2025-09-23 19:15:49,107 [Worker-10: Import Getting Started Content] INFO  o.e.m.c.i.e.AbstractTransferListenerAdapter - Downloading https://repo.maven.apache.org/maven2/io/projectreactor/netty/reactor-netty-core/1.2.10/reactor-netty-core-1.2.10.pom
2025-09-23 19:15:49,193 [Worker-10: Import Getting Started Content] INFO  o.e.m.c.i.e.AbstractTransferListenerAdapter - Downloaded https://repo.maven.apache.org/maven2/io/projectreactor/netty/reactor-netty-core/1.2.10/reactor-netty-core-1.2.10.pom
2025-09-23 19:15:49,243 [Worker-10: Import Getting Started Content] INFO  o.e.m.c.i.e.AbstractTransferListenerAdapter - Downloading https://repo.maven.apache.org/maven2/io/netty/netty-handler-proxy/4.1.127.Final/netty-handler-proxy-4.1.127.Final.pom
2025-09-23 19:15:49,422 [Worker-10: Import Getting Started Content] INFO  o.e.m.c.i.e.AbstractTransferListenerAdapter - Downloaded https://repo.maven.apache.org/maven2/io/netty/netty-handler-proxy/4.1.127.Final/netty-handler-proxy-4.1.127.Final.pom
2025-09-23 19:15:49,562 [Worker-10: Import Getting Started Content] INFO  o.e.m.c.i.e.AbstractTransferListenerAdapter - Downloading https://repo.maven.apache.org/maven2/io/netty/netty-codec-socks/4.1.127.Final/netty-codec-socks-4.1.127.Final.pom
2025-09-23 19:15:49,647 [Worker-10: Import Getting Started Content] INFO  o.e.m.c.i.e.AbstractTransferListenerAdapter - Downloaded https://repo.maven.apache.org/maven2/io/netty/netty-codec-socks/4.1.127.Final/netty-codec-socks-4.1.127.Final.pom
2025-09-23 19:15:49,696 [Worker-10: Import Getting Started Content] INFO  o.e.m.c.i.e.AbstractTransferListenerAdapter - Downloading https://repo.maven.apache.org/maven2/io/projectreactor/reactor-core/3.7.11/reactor-core-3.7.11.pom
2025-09-23 19:15:49,776 [Worker-10: Import Getting Started Content] INFO  o.e.m.c.i.e.AbstractTransferListenerAdapter - Downloaded https://repo.maven.apache.org/maven2/io/projectreactor/reactor-core/3.7.11/reactor-core-3.7.11.pom
2025-09-23 19:15:49,967 [Worker-10: Import Getting Started Content] INFO  o.e.m.c.i.e.AbstractTransferListenerAdapter - Downloading https://repo.maven.apache.org/maven2/org/springframework/spring-webflux/6.2.11/spring-webflux-6.2.11.pom
2025-09-23 19:15:50,039 [Worker-10: Import Getting Started Content] INFO  o.e.m.c.i.e.AbstractTransferListenerAdapter - Downloaded https://repo.maven.apache.org/maven2/org/springframework/spring-webflux/6.2.11/spring-webflux-6.2.11.pom
2025-09-23 19:15:50,084 [Worker-10: Import Getting Started Content] INFO  o.e.m.c.i.e.AbstractTransferListenerAdapter - Downloading https://repo.maven.apache.org/maven2/org/springframework/boot/spring-boot-devtools/3.5.6/spring-boot-devtools-3.5.6.pom
2025-09-23 19:15:50,176 [Worker-10: Import Getting Started Content] INFO  o.e.m.c.i.e.AbstractTransferListenerAdapter - Downloaded https://repo.maven.apache.org/maven2/org/springframework/boot/spring-boot-devtools/3.5.6/spring-boot-devtools-3.5.6.pom
2025-09-23 19:15:52,044 [Worker-10: Import Getting Started Content] INFO  o.e.m.c.i.e.AbstractTransferListenerAdapter - Downloading https://repo.maven.apache.org/maven2/io/projectreactor/reactor-test/3.7.11/reactor-test-3.7.11.pom
2025-09-23 19:15:52,123 [Worker-10: Import Getting Started Content] INFO  o.e.m.c.i.e.AbstractTransferListenerAdapter - Downloaded https://repo.maven.apache.org/maven2/io/projectreactor/reactor-test/3.7.11/reactor-test-3.7.11.pom
2025-09-23 19:15:52,187 [Worker-10: Import Getting Started Content] INFO  o.e.m.c.i.e.AbstractTransferListenerAdapter - Downloading https://repo.maven.apache.org/maven2/org/springframework/security/spring-security-test/6.5.5/spring-security-test-6.5.5.pom
2025-09-23 19:15:52,274 [Worker-10: Import Getting Started Content] INFO  o.e.m.c.i.e.AbstractTransferListenerAdapter - Downloaded https://repo.maven.apache.org/maven2/org/springframework/security/spring-security-test/6.5.5/spring-security-test-6.5.5.pom
2025-09-23 19:15:53,323 [Worker-10: Import Getting Started Content] INFO  o.e.m.c.i.e.AbstractTransferListenerAdapter - Downloading https://repo.maven.apache.org/maven2/org/springframework/boot/spring-boot-starter-security/3.5.6/spring-boot-starter-security-3.5.6.jar
2025-09-23 19:15:53,515 [Worker-10: Import Getting Started Content] INFO  o.e.m.c.i.e.AbstractTransferListenerAdapter - Downloaded https://repo.maven.apache.org/maven2/org/springframework/boot/spring-boot-starter-security/3.5.6/spring-boot-starter-security-3.5.6.jar
2025-09-23 19:15:53,565 [BasicRepositoryConnector-repo.maven.apache.org-0-0] INFO  o.e.m.c.i.e.AbstractTransferListenerAdapter - Downloading https://repo.maven.apache.org/maven2/org/springframework/security/spring-security-config/6.5.5/spring-security-config-6.5.5.jar
2025-09-23 19:15:53,588 [BasicRepositoryConnector-repo.maven.apache.org-0-4] INFO  o.e.m.c.i.e.AbstractTransferListenerAdapter - Downloading https://repo.maven.apache.org/maven2/org/springframework/boot/spring-boot-starter-webflux/3.5.6/spring-boot-starter-webflux-3.5.6.jar
2025-09-23 19:15:53,598 [BasicRepositoryConnector-repo.maven.apache.org-0-2] INFO  o.e.m.c.i.e.AbstractTransferListenerAdapter - Downloading https://repo.maven.apache.org/maven2/org/springframework/boot/spring-boot-starter-validation/3.5.6/spring-boot-starter-validation-3.5.6.jar
2025-09-23 19:15:53,599 [BasicRepositoryConnector-repo.maven.apache.org-0-1] INFO  o.e.m.c.i.e.AbstractTransferListenerAdapter - Downloading https://repo.maven.apache.org/maven2/org/springframework/security/spring-security-web/6.5.5/spring-security-web-6.5.5.jar
2025-09-23 19:15:53,644 [BasicRepositoryConnector-repo.maven.apache.org-0-3] INFO  o.e.m.c.i.e.AbstractTransferListenerAdapter - Downloading https://repo.maven.apache.org/maven2/org/hibernate/validator/hibernate-validator/8.0.3.Final/hibernate-validator-8.0.3.Final.jar
2025-09-23 19:15:53,800 [BasicRepositoryConnector-repo.maven.apache.org-0-2] INFO  o.e.m.c.i.e.AbstractTransferListenerAdapter - Downloaded https://repo.maven.apache.org/maven2/org/springframework/boot/spring-boot-starter-validation/3.5.6/spring-boot-starter-validation-3.5.6.jar
2025-09-23 19:15:53,800 [BasicRepositoryConnector-repo.maven.apache.org-0-4] INFO  o.e.m.c.i.e.AbstractTransferListenerAdapter - Downloaded https://repo.maven.apache.org/maven2/org/springframework/boot/spring-boot-starter-webflux/3.5.6/spring-boot-starter-webflux-3.5.6.jar
2025-09-23 19:15:53,819 [BasicRepositoryConnector-repo.maven.apache.org-0-4] INFO  o.e.m.c.i.e.AbstractTransferListenerAdapter - Downloading https://repo.maven.apache.org/maven2/org/springframework/boot/spring-boot-starter-reactor-netty/3.5.6/spring-boot-starter-reactor-netty-3.5.6.jar
2025-09-23 19:15:53,823 [BasicRepositoryConnector-repo.maven.apache.org-0-2] INFO  o.e.m.c.i.e.AbstractTransferListenerAdapter - Downloading https://repo.maven.apache.org/maven2/io/projectreactor/netty/reactor-netty-http/1.2.10/reactor-netty-http-1.2.10.jar
2025-09-23 19:15:53,981 [BasicRepositoryConnector-repo.maven.apache.org-0-4] INFO  o.e.m.c.i.e.AbstractTransferListenerAdapter - Downloaded https://repo.maven.apache.org/maven2/org/springframework/boot/spring-boot-starter-reactor-netty/3.5.6/spring-boot-starter-reactor-netty-3.5.6.jar
2025-09-23 19:15:53,998 [BasicRepositoryConnector-repo.maven.apache.org-0-4] INFO  o.e.m.c.i.e.AbstractTransferListenerAdapter - Downloading https://repo.maven.apache.org/maven2/io/netty/netty-codec-http/4.1.127.Final/netty-codec-http-4.1.127.Final.jar
2025-09-23 19:15:53,999 [BasicRepositoryConnector-repo.maven.apache.org-0-0] INFO  o.e.m.c.i.e.AbstractTransferListenerAdapter - Downloaded https://repo.maven.apache.org/maven2/org/springframework/security/spring-security-config/6.5.5/spring-security-config-6.5.5.jar
2025-09-23 19:15:54,022 [BasicRepositoryConnector-repo.maven.apache.org-0-0] INFO  o.e.m.c.i.e.AbstractTransferListenerAdapter - Downloading https://repo.maven.apache.org/maven2/io/netty/netty-common/4.1.127.Final/netty-common-4.1.127.Final.jar
2025-09-23 19:15:54,250 [BasicRepositoryConnector-repo.maven.apache.org-0-4] INFO  o.e.m.c.i.e.AbstractTransferListenerAdapter - Downloaded https://repo.maven.apache.org/maven2/io/netty/netty-codec-http/4.1.127.Final/netty-codec-http-4.1.127.Final.jar
2025-09-23 19:15:54,273 [BasicRepositoryConnector-repo.maven.apache.org-0-4] INFO  o.e.m.c.i.e.AbstractTransferListenerAdapter - Downloading https://repo.maven.apache.org/maven2/io/netty/netty-buffer/4.1.127.Final/netty-buffer-4.1.127.Final.jar
2025-09-23 19:15:54,297 [BasicRepositoryConnector-repo.maven.apache.org-0-1] INFO  o.e.m.c.i.e.AbstractTransferListenerAdapter - Downloaded https://repo.maven.apache.org/maven2/org/springframework/security/spring-security-web/6.5.5/spring-security-web-6.5.5.jar
2025-09-23 19:15:54,317 [BasicRepositoryConnector-repo.maven.apache.org-0-1] INFO  o.e.m.c.i.e.AbstractTransferListenerAdapter - Downloading https://repo.maven.apache.org/maven2/io/netty/netty-transport/4.1.127.Final/netty-transport-4.1.127.Final.jar
2025-09-23 19:15:54,371 [BasicRepositoryConnector-repo.maven.apache.org-0-2] INFO  o.e.m.c.i.e.AbstractTransferListenerAdapter - Downloaded https://repo.maven.apache.org/maven2/io/projectreactor/netty/reactor-netty-http/1.2.10/reactor-netty-http-1.2.10.jar
2025-09-23 19:15:54,386 [BasicRepositoryConnector-repo.maven.apache.org-0-2] INFO  o.e.m.c.i.e.AbstractTransferListenerAdapter - Downloading https://repo.maven.apache.org/maven2/io/netty/netty-codec/4.1.127.Final/netty-codec-4.1.127.Final.jar
2025-09-23 19:15:54,537 [BasicRepositoryConnector-repo.maven.apache.org-0-0] INFO  o.e.m.c.i.e.AbstractTransferListenerAdapter - Downloaded https://repo.maven.apache.org/maven2/io/netty/netty-common/4.1.127.Final/netty-common-4.1.127.Final.jar
2025-09-23 19:15:54,543 [BasicRepositoryConnector-repo.maven.apache.org-0-2] INFO  o.e.m.c.i.e.AbstractTransferListenerAdapter - Downloaded https://repo.maven.apache.org/maven2/io/netty/netty-codec/4.1.127.Final/netty-codec-4.1.127.Final.jar
2025-09-23 19:15:54,561 [BasicRepositoryConnector-repo.maven.apache.org-0-0] INFO  o.e.m.c.i.e.AbstractTransferListenerAdapter - Downloading https://repo.maven.apache.org/maven2/io/netty/netty-handler/4.1.127.Final/netty-handler-4.1.127.Final.jar
2025-09-23 19:15:54,562 [BasicRepositoryConnector-repo.maven.apache.org-0-3] INFO  o.e.m.c.i.e.AbstractTransferListenerAdapter - Downloaded https://repo.maven.apache.org/maven2/org/hibernate/validator/hibernate-validator/8.0.3.Final/hibernate-validator-8.0.3.Final.jar
2025-09-23 19:15:54,571 [BasicRepositoryConnector-repo.maven.apache.org-0-2] INFO  o.e.m.c.i.e.AbstractTransferListenerAdapter - Downloading https://repo.maven.apache.org/maven2/io/netty/netty-codec-http2/4.1.127.Final/netty-codec-http2-4.1.127.Final.jar
2025-09-23 19:15:54,581 [BasicRepositoryConnector-repo.maven.apache.org-0-4] INFO  o.e.m.c.i.e.AbstractTransferListenerAdapter - Downloaded https://repo.maven.apache.org/maven2/io/netty/netty-buffer/4.1.127.Final/netty-buffer-4.1.127.Final.jar
2025-09-23 19:15:54,602 [BasicRepositoryConnector-repo.maven.apache.org-0-3] INFO  o.e.m.c.i.e.AbstractTransferListenerAdapter - Downloading https://repo.maven.apache.org/maven2/io/netty/netty-resolver-dns/4.1.127.Final/netty-resolver-dns-4.1.127.Final.jar
2025-09-23 19:15:54,603 [BasicRepositoryConnector-repo.maven.apache.org-0-4] INFO  o.e.m.c.i.e.AbstractTransferListenerAdapter - Downloading https://repo.maven.apache.org/maven2/io/netty/netty-resolver/4.1.127.Final/netty-resolver-4.1.127.Final.jar
2025-09-23 19:15:54,701 [BasicRepositoryConnector-repo.maven.apache.org-0-2] INFO  o.e.m.c.i.e.AbstractTransferListenerAdapter - Downloaded https://repo.maven.apache.org/maven2/io/netty/netty-codec-http2/4.1.127.Final/netty-codec-http2-4.1.127.Final.jar
2025-09-23 19:15:54,718 [BasicRepositoryConnector-repo.maven.apache.org-0-2] INFO  o.e.m.c.i.e.AbstractTransferListenerAdapter - Downloading https://repo.maven.apache.org/maven2/io/netty/netty-codec-dns/4.1.127.Final/netty-codec-dns-4.1.127.Final.jar
2025-09-23 19:15:54,787 [BasicRepositoryConnector-repo.maven.apache.org-0-1] INFO  o.e.m.c.i.e.AbstractTransferListenerAdapter - Downloaded https://repo.maven.apache.org/maven2/io/netty/netty-transport/4.1.127.Final/netty-transport-4.1.127.Final.jar
2025-09-23 19:15:54,810 [BasicRepositoryConnector-repo.maven.apache.org-0-3] INFO  o.e.m.c.i.e.AbstractTransferListenerAdapter - Downloaded https://repo.maven.apache.org/maven2/io/netty/netty-resolver-dns/4.1.127.Final/netty-resolver-dns-4.1.127.Final.jar
2025-09-23 19:15:54,823 [BasicRepositoryConnector-repo.maven.apache.org-0-1] INFO  o.e.m.c.i.e.AbstractTransferListenerAdapter - Downloading https://repo.maven.apache.org/maven2/io/netty/netty-resolver-dns-native-macos/4.1.127.Final/netty-resolver-dns-native-macos-4.1.127.Final-osx-x86_64.jar
2025-09-23 19:15:54,838 [BasicRepositoryConnector-repo.maven.apache.org-0-2] INFO  o.e.m.c.i.e.AbstractTransferListenerAdapter - Downloaded https://repo.maven.apache.org/maven2/io/netty/netty-codec-dns/4.1.127.Final/netty-codec-dns-4.1.127.Final.jar
2025-09-23 19:15:54,844 [BasicRepositoryConnector-repo.maven.apache.org-0-3] INFO  o.e.m.c.i.e.AbstractTransferListenerAdapter - Downloading https://repo.maven.apache.org/maven2/io/netty/netty-resolver-dns-classes-macos/4.1.127.Final/netty-resolver-dns-classes-macos-4.1.127.Final.jar
2025-09-23 19:15:54,861 [BasicRepositoryConnector-repo.maven.apache.org-0-2] INFO  o.e.m.c.i.e.AbstractTransferListenerAdapter - Downloading https://repo.maven.apache.org/maven2/io/netty/netty-transport-native-epoll/4.1.127.Final/netty-transport-native-epoll-4.1.127.Final-linux-x86_64.jar
2025-09-23 19:15:55,010 [BasicRepositoryConnector-repo.maven.apache.org-0-0] INFO  o.e.m.c.i.e.AbstractTransferListenerAdapter - Downloaded https://repo.maven.apache.org/maven2/io/netty/netty-handler/4.1.127.Final/netty-handler-4.1.127.Final.jar
2025-09-23 19:15:55,046 [BasicRepositoryConnector-repo.maven.apache.org-0-0] INFO  o.e.m.c.i.e.AbstractTransferListenerAdapter - Downloading https://repo.maven.apache.org/maven2/io/netty/netty-transport-native-unix-common/4.1.127.Final/netty-transport-native-unix-common-4.1.127.Final.jar
2025-09-23 19:15:55,131 [BasicRepositoryConnector-repo.maven.apache.org-0-1] INFO  o.e.m.c.i.e.AbstractTransferListenerAdapter - Downloaded https://repo.maven.apache.org/maven2/io/netty/netty-resolver-dns-native-macos/4.1.127.Final/netty-resolver-dns-native-macos-4.1.127.Final-osx-x86_64.jar
2025-09-23 19:15:55,221 [BasicRepositoryConnector-repo.maven.apache.org-0-3] INFO  o.e.m.c.i.e.AbstractTransferListenerAdapter - Downloaded https://repo.maven.apache.org/maven2/io/netty/netty-resolver-dns-classes-macos/4.1.127.Final/netty-resolver-dns-classes-macos-4.1.127.Final.jar
2025-09-23 19:15:55,242 [BasicRepositoryConnector-repo.maven.apache.org-0-1] INFO  o.e.m.c.i.e.AbstractTransferListenerAdapter - Downloading https://repo.maven.apache.org/maven2/io/netty/netty-transport-classes-epoll/4.1.127.Final/netty-transport-classes-epoll-4.1.127.Final.jar
2025-09-23 19:15:55,247 [BasicRepositoryConnector-repo.maven.apache.org-0-3] INFO  o.e.m.c.i.e.AbstractTransferListenerAdapter - Downloading https://repo.maven.apache.org/maven2/io/projectreactor/netty/reactor-netty-core/1.2.10/reactor-netty-core-1.2.10.jar
2025-09-23 19:15:55,262 [BasicRepositoryConnector-repo.maven.apache.org-0-2] INFO  o.e.m.c.i.e.AbstractTransferListenerAdapter - Downloaded https://repo.maven.apache.org/maven2/io/netty/netty-transport-native-epoll/4.1.127.Final/netty-transport-native-epoll-4.1.127.Final-linux-x86_64.jar
2025-09-23 19:15:55,279 [BasicRepositoryConnector-repo.maven.apache.org-0-2] INFO  o.e.m.c.i.e.AbstractTransferListenerAdapter - Downloading https://repo.maven.apache.org/maven2/io/netty/netty-handler-proxy/4.1.127.Final/netty-handler-proxy-4.1.127.Final.jar
2025-09-23 19:15:55,407 [BasicRepositoryConnector-repo.maven.apache.org-0-1] INFO  o.e.m.c.i.e.AbstractTransferListenerAdapter - Downloaded https://repo.maven.apache.org/maven2/io/netty/netty-transport-classes-epoll/4.1.127.Final/netty-transport-classes-epoll-4.1.127.Final.jar
2025-09-23 19:15:55,491 [BasicRepositoryConnector-repo.maven.apache.org-0-1] INFO  o.e.m.c.i.e.AbstractTransferListenerAdapter - Downloading https://repo.maven.apache.org/maven2/io/netty/netty-codec-socks/4.1.127.Final/netty-codec-socks-4.1.127.Final.jar
2025-09-23 19:15:55,639 [BasicRepositoryConnector-repo.maven.apache.org-0-1] INFO  o.e.m.c.i.e.AbstractTransferListenerAdapter - Downloaded https://repo.maven.apache.org/maven2/io/netty/netty-codec-socks/4.1.127.Final/netty-codec-socks-4.1.127.Final.jar
2025-09-23 19:15:55,723 [BasicRepositoryConnector-repo.maven.apache.org-0-1] INFO  o.e.m.c.i.e.AbstractTransferListenerAdapter - Downloading https://repo.maven.apache.org/maven2/org/springframework/spring-webflux/6.2.11/spring-webflux-6.2.11.jar
2025-09-23 19:15:55,909 [BasicRepositoryConnector-repo.maven.apache.org-0-3] INFO  o.e.m.c.i.e.AbstractTransferListenerAdapter - Downloaded https://repo.maven.apache.org/maven2/io/projectreactor/netty/reactor-netty-core/1.2.10/reactor-netty-core-1.2.10.jar
2025-09-23 19:15:55,932 [BasicRepositoryConnector-repo.maven.apache.org-0-3] INFO  o.e.m.c.i.e.AbstractTransferListenerAdapter - Downloading https://repo.maven.apache.org/maven2/org/springframework/boot/spring-boot-devtools/3.5.6/spring-boot-devtools-3.5.6.jar
2025-09-23 19:15:56,022 [BasicRepositoryConnector-repo.maven.apache.org-0-4] INFO  o.e.m.c.i.e.AbstractTransferListenerAdapter - Downloaded https://repo.maven.apache.org/maven2/io/netty/netty-resolver/4.1.127.Final/netty-resolver-4.1.127.Final.jar
2025-09-23 19:15:56,043 [BasicRepositoryConnector-repo.maven.apache.org-0-4] INFO  o.e.m.c.i.e.AbstractTransferListenerAdapter - Downloading https://repo.maven.apache.org/maven2/io/projectreactor/reactor-test/3.7.11/reactor-test-3.7.11.jar
2025-09-23 19:15:56,099 [BasicRepositoryConnector-repo.maven.apache.org-0-3] INFO  o.e.m.c.i.e.AbstractTransferListenerAdapter - Downloaded https://repo.maven.apache.org/maven2/org/springframework/boot/spring-boot-devtools/3.5.6/spring-boot-devtools-3.5.6.jar
2025-09-23 19:15:56,126 [BasicRepositoryConnector-repo.maven.apache.org-0-2] INFO  o.e.m.c.i.e.AbstractTransferListenerAdapter - Downloaded https://repo.maven.apache.org/maven2/io/netty/netty-handler-proxy/4.1.127.Final/netty-handler-proxy-4.1.127.Final.jar
2025-09-23 19:15:56,172 [BasicRepositoryConnector-repo.maven.apache.org-0-4] INFO  o.e.m.c.i.e.AbstractTransferListenerAdapter - Downloaded https://repo.maven.apache.org/maven2/io/projectreactor/reactor-test/3.7.11/reactor-test-3.7.11.jar
2025-09-23 19:15:56,191 [BasicRepositoryConnector-repo.maven.apache.org-0-1] INFO  o.e.m.c.i.e.AbstractTransferListenerAdapter - Downloaded https://repo.maven.apache.org/maven2/org/springframework/spring-webflux/6.2.11/spring-webflux-6.2.11.jar
2025-09-23 19:15:56,292 [BasicRepositoryConnector-repo.maven.apache.org-0-2] INFO  o.e.m.c.i.e.AbstractTransferListenerAdapter - Downloading https://repo.maven.apache.org/maven2/org/springframework/security/spring-security-test/6.5.5/spring-security-test-6.5.5.jar
2025-09-23 19:15:56,302 [BasicRepositoryConnector-repo.maven.apache.org-0-3] INFO  o.e.m.c.i.e.AbstractTransferListenerAdapter - Downloading https://repo.maven.apache.org/maven2/io/projectreactor/reactor-core/3.7.11/reactor-core-3.7.11.jar
2025-09-23 19:15:56,302 [BasicRepositoryConnector-repo.maven.apache.org-0-4] INFO  o.e.m.c.i.e.AbstractTransferListenerAdapter - Downloading https://repo.maven.apache.org/maven2/org/springframework/security/spring-security-core/6.5.5/spring-security-core-6.5.5.jar
2025-09-23 19:15:56,303 [BasicRepositoryConnector-repo.maven.apache.org-0-1] INFO  o.e.m.c.i.e.AbstractTransferListenerAdapter - Downloading https://repo.maven.apache.org/maven2/org/springframework/security/spring-security-crypto/6.5.5/spring-security-crypto-6.5.5.jar
2025-09-23 19:15:56,391 [BasicRepositoryConnector-repo.maven.apache.org-0-1] INFO  o.e.m.c.i.e.AbstractTransferListenerAdapter - Downloaded https://repo.maven.apache.org/maven2/org/springframework/security/spring-security-crypto/6.5.5/spring-security-crypto-6.5.5.jar
2025-09-23 19:15:56,454 [BasicRepositoryConnector-repo.maven.apache.org-0-2] INFO  o.e.m.c.i.e.AbstractTransferListenerAdapter - Downloaded https://repo.maven.apache.org/maven2/org/springframework/security/spring-security-test/6.5.5/spring-security-test-6.5.5.jar
2025-09-23 19:15:56,592 [BasicRepositoryConnector-repo.maven.apache.org-0-0] INFO  o.e.m.c.i.e.AbstractTransferListenerAdapter - Downloaded https://repo.maven.apache.org/maven2/io/netty/netty-transport-native-unix-common/4.1.127.Final/netty-transport-native-unix-common-4.1.127.Final.jar
2025-09-23 19:15:56,698 [BasicRepositoryConnector-repo.maven.apache.org-0-4] INFO  o.e.m.c.i.e.AbstractTransferListenerAdapter - Downloaded https://repo.maven.apache.org/maven2/org/springframework/security/spring-security-core/6.5.5/spring-security-core-6.5.5.jar
2025-09-23 19:15:56,905 [BasicRepositoryConnector-repo.maven.apache.org-0-3] INFO  o.e.m.c.i.e.AbstractTransferListenerAdapter - Downloaded https://repo.maven.apache.org/maven2/io/projectreactor/reactor-core/3.7.11/reactor-core-3.7.11.jar
2025-09-23 19:16:01,294 [Worker-10: Import Getting Started Content] INFO  o.e.m.j.i.AbstractJavaProjectConfigurator - Adding source folder /cozystay/src/main/java
2025-09-23 19:16:01,299 [Worker-10: Import Getting Started Content] INFO  o.e.m.j.i.AbstractJavaProjectConfigurator - Adding resource folder /cozystay/src/main/resources
2025-09-23 19:16:01,324 [Worker-10: Import Getting Started Content] INFO  o.e.m.j.i.AbstractJavaProjectConfigurator - Adding resource folder /cozystay/src/main/resources
2025-09-23 19:16:01,349 [Worker-10: Import Getting Started Content] INFO  o.e.m.j.i.AbstractJavaProjectConfigurator - Adding source folder /cozystay/src/test/java
2025-09-23 19:16:01,352 [Worker-10: Import Getting Started Content] INFO  o.e.m.j.i.AbstractJavaProjectConfigurator - Adding resource folder /cozystay/src/test/resources
2025-09-23 19:16:01,653 [Worker-9: Download sources and javadoc] INFO  o.e.m.c.i.e.AbstractTransferListenerAdapter - Downloading https://repo.maven.apache.org/maven2/org/springframework/boot/spring-boot-starter-security/3.5.6/spring-boot-starter-security-3.5.6-sources.jar
2025-09-23 19:16:01,670 [Worker-9: Download sources and javadoc] INFO  o.e.m.c.i.e.AbstractTransferListenerAdapter - Downloaded https://repo.maven.apache.org/maven2/org/springframework/boot/spring-boot-starter-security/3.5.6/spring-boot-starter-security-3.5.6-sources.jar
2025-09-23 19:16:01,679 [Worker-9: Download sources and javadoc] INFO  o.e.m.j.internal.DownloadSourcesJob - Downloaded sources for org.springframework.boot:spring-boot-starter-security:3.5.6
2025-09-23 19:16:02,240 [Worker-9: Download sources and javadoc] INFO  o.e.m.c.i.e.AbstractTransferListenerAdapter - Downloading https://repo.maven.apache.org/maven2/org/springframework/security/spring-security-config/6.5.5/spring-security-config-6.5.5-sources.jar
2025-09-23 19:16:02,557 [Worker-9: Download sources and javadoc] INFO  o.e.m.c.i.e.AbstractTransferListenerAdapter - Downloaded https://repo.maven.apache.org/maven2/org/springframework/security/spring-security-config/6.5.5/spring-security-config-6.5.5-sources.jar
2025-09-23 19:16:02,568 [Worker-9: Download sources and javadoc] INFO  o.e.m.j.internal.DownloadSourcesJob - Downloaded sources for org.springframework.security:spring-security-config:6.5.5
2025-09-23 19:16:02,759 [Worker-9: Download sources and javadoc] INFO  o.e.m.c.i.e.AbstractTransferListenerAdapter - Downloading https://repo.maven.apache.org/maven2/org/springframework/security/spring-security-web/6.5.5/spring-security-web-6.5.5-sources.jar
2025-09-23 19:16:02,951 [Worker-9: Download sources and javadoc] INFO  o.e.m.c.i.e.AbstractTransferListenerAdapter - Downloaded https://repo.maven.apache.org/maven2/org/springframework/security/spring-security-web/6.5.5/spring-security-web-6.5.5-sources.jar
2025-09-23 19:16:02,960 [Worker-9: Download sources and javadoc] INFO  o.e.m.j.internal.DownloadSourcesJob - Downloaded sources for org.springframework.security:spring-security-web:6.5.5
2025-09-23 19:16:03,037 [Worker-9: Download sources and javadoc] INFO  o.e.m.c.i.e.AbstractTransferListenerAdapter - Downloading https://repo.maven.apache.org/maven2/org/springframework/boot/spring-boot-starter-validation/3.5.6/spring-boot-starter-validation-3.5.6-sources.jar
2025-09-23 19:16:03,227 [Worker-9: Download sources and javadoc] INFO  o.e.m.c.i.e.AbstractTransferListenerAdapter - Downloaded https://repo.maven.apache.org/maven2/org/springframework/boot/spring-boot-starter-validation/3.5.6/spring-boot-starter-validation-3.5.6-sources.jar
2025-09-23 19:16:03,237 [Worker-9: Download sources and javadoc] INFO  o.e.m.j.internal.DownloadSourcesJob - Downloaded sources for org.springframework.boot:spring-boot-starter-validation:3.5.6
2025-09-23 19:16:03,315 [Worker-9: Download sources and javadoc] INFO  o.e.m.c.i.e.AbstractTransferListenerAdapter - Downloading https://repo.maven.apache.org/maven2/org/hibernate/validator/hibernate-validator/8.0.3.Final/hibernate-validator-8.0.3.Final-sources.jar
2025-09-23 19:16:03,511 [Worker-9: Download sources and javadoc] INFO  o.e.m.c.i.e.AbstractTransferListenerAdapter - Downloaded https://repo.maven.apache.org/maven2/org/hibernate/validator/hibernate-validator/8.0.3.Final/hibernate-validator-8.0.3.Final-sources.jar
2025-09-23 19:16:03,520 [Worker-9: Download sources and javadoc] INFO  o.e.m.j.internal.DownloadSourcesJob - Downloaded sources for org.hibernate.validator:hibernate-validator:8.0.3.Final
2025-09-23 19:16:03,711 [Worker-9: Download sources and javadoc] INFO  o.e.m.c.i.e.AbstractTransferListenerAdapter - Downloading https://repo.maven.apache.org/maven2/org/springframework/boot/spring-boot-starter-webflux/3.5.6/spring-boot-starter-webflux-3.5.6-sources.jar
2025-09-23 19:16:03,727 [Worker-9: Download sources and javadoc] INFO  o.e.m.c.i.e.AbstractTransferListenerAdapter - Downloaded https://repo.maven.apache.org/maven2/org/springframework/boot/spring-boot-starter-webflux/3.5.6/spring-boot-starter-webflux-3.5.6-sources.jar
2025-09-23 19:16:03,737 [Worker-9: Download sources and javadoc] INFO  o.e.m.j.internal.DownloadSourcesJob - Downloaded sources for org.springframework.boot:spring-boot-starter-webflux:3.5.6
2025-09-23 19:16:03,897 [Worker-9: Download sources and javadoc] INFO  o.e.m.c.i.e.AbstractTransferListenerAdapter - Downloading https://repo.maven.apache.org/maven2/org/springframework/boot/spring-boot-starter-reactor-netty/3.5.6/spring-boot-starter-reactor-netty-3.5.6-sources.jar
2025-09-23 19:16:04,024 [Worker-9: Download sources and javadoc] INFO  o.e.m.c.i.e.AbstractTransferListenerAdapter - Downloaded https://repo.maven.apache.org/maven2/org/springframework/boot/spring-boot-starter-reactor-netty/3.5.6/spring-boot-starter-reactor-netty-3.5.6-sources.jar
2025-09-23 19:16:04,035 [Worker-9: Download sources and javadoc] INFO  o.e.m.j.internal.DownloadSourcesJob - Downloaded sources for org.springframework.boot:spring-boot-starter-reactor-netty:3.5.6
2025-09-23 19:16:04,105 [Worker-9: Download sources and javadoc] INFO  o.e.m.c.i.e.AbstractTransferListenerAdapter - Downloading https://repo.maven.apache.org/maven2/io/projectreactor/netty/reactor-netty-http/1.2.10/reactor-netty-http-1.2.10-sources.jar
2025-09-23 19:16:04,247 [Worker-9: Download sources and javadoc] INFO  o.e.m.c.i.e.AbstractTransferListenerAdapter - Downloaded https://repo.maven.apache.org/maven2/io/projectreactor/netty/reactor-netty-http/1.2.10/reactor-netty-http-1.2.10-sources.jar
2025-09-23 19:16:04,258 [Worker-9: Download sources and javadoc] INFO  o.e.m.j.internal.DownloadSourcesJob - Downloaded sources for io.projectreactor.netty:reactor-netty-http:1.2.10
2025-09-23 19:16:04,507 [Worker-9: Download sources and javadoc] INFO  o.e.m.c.i.e.AbstractTransferListenerAdapter - Downloading https://repo.maven.apache.org/maven2/io/netty/netty-codec-http/4.1.127.Final/netty-codec-http-4.1.127.Final-sources.jar
2025-09-23 19:16:04,674 [Worker-9: Download sources and javadoc] INFO  o.e.m.c.i.e.AbstractTransferListenerAdapter - Downloaded https://repo.maven.apache.org/maven2/io/netty/netty-codec-http/4.1.127.Final/netty-codec-http-4.1.127.Final-sources.jar
2025-09-23 19:16:04,686 [Worker-9: Download sources and javadoc] INFO  o.e.m.j.internal.DownloadSourcesJob - Downloaded sources for io.netty:netty-codec-http:4.1.127.Final
2025-09-23 19:16:04,908 [Worker-9: Download sources and javadoc] INFO  o.e.m.c.i.e.AbstractTransferListenerAdapter - Downloading https://repo.maven.apache.org/maven2/io/netty/netty-common/4.1.127.Final/netty-common-4.1.127.Final-sources.jar
2025-09-23 19:16:05,073 [Worker-9: Download sources and javadoc] INFO  o.e.m.c.i.e.AbstractTransferListenerAdapter - Downloaded https://repo.maven.apache.org/maven2/io/netty/netty-common/4.1.127.Final/netty-common-4.1.127.Final-sources.jar
2025-09-23 19:16:05,081 [Worker-9: Download sources and javadoc] INFO  o.e.m.j.internal.DownloadSourcesJob - Downloaded sources for io.netty:netty-common:4.1.127.Final
2025-09-23 19:16:05,173 [Worker-9: Download sources and javadoc] INFO  o.e.m.c.i.e.AbstractTransferListenerAdapter - Downloading https://repo.maven.apache.org/maven2/io/netty/netty-buffer/4.1.127.Final/netty-buffer-4.1.127.Final-sources.jar
2025-09-23 19:16:05,289 [Worker-9: Download sources and javadoc] INFO  o.e.m.c.i.e.AbstractTransferListenerAdapter - Downloaded https://repo.maven.apache.org/maven2/io/netty/netty-buffer/4.1.127.Final/netty-buffer-4.1.127.Final-sources.jar
2025-09-23 19:16:05,298 [Worker-9: Download sources and javadoc] INFO  o.e.m.j.internal.DownloadSourcesJob - Downloaded sources for io.netty:netty-buffer:4.1.127.Final
2025-09-23 19:16:05,509 [Worker-9: Download sources and javadoc] INFO  o.e.m.c.i.e.AbstractTransferListenerAdapter - Downloading https://repo.maven.apache.org/maven2/io/netty/netty-transport/4.1.127.Final/netty-transport-4.1.127.Final-sources.jar
2025-09-23 19:16:05,659 [Worker-9: Download sources and javadoc] INFO  o.e.m.c.i.e.AbstractTransferListenerAdapter - Downloaded https://repo.maven.apache.org/maven2/io/netty/netty-transport/4.1.127.Final/netty-transport-4.1.127.Final-sources.jar
2025-09-23 19:16:05,667 [Worker-9: Download sources and javadoc] INFO  o.e.m.j.internal.DownloadSourcesJob - Downloaded sources for io.netty:netty-transport:4.1.127.Final
2025-09-23 19:16:05,747 [Worker-9: Download sources and javadoc] INFO  o.e.m.c.i.e.AbstractTransferListenerAdapter - Downloading https://repo.maven.apache.org/maven2/io/netty/netty-codec/4.1.127.Final/netty-codec-4.1.127.Final-sources.jar
2025-09-23 19:16:05,873 [Worker-9: Download sources and javadoc] INFO  o.e.m.c.i.e.AbstractTransferListenerAdapter - Downloaded https://repo.maven.apache.org/maven2/io/netty/netty-codec/4.1.127.Final/netty-codec-4.1.127.Final-sources.jar
2025-09-23 19:16:05,882 [Worker-9: Download sources and javadoc] INFO  o.e.m.j.internal.DownloadSourcesJob - Downloaded sources for io.netty:netty-codec:4.1.127.Final
2025-09-23 19:16:06,047 [Worker-9: Download sources and javadoc] INFO  o.e.m.c.i.e.AbstractTransferListenerAdapter - Downloading https://repo.maven.apache.org/maven2/io/netty/netty-handler/4.1.127.Final/netty-handler-4.1.127.Final-sources.jar
2025-09-23 19:16:06,205 [Worker-9: Download sources and javadoc] INFO  o.e.m.c.i.e.AbstractTransferListenerAdapter - Downloaded https://repo.maven.apache.org/maven2/io/netty/netty-handler/4.1.127.Final/netty-handler-4.1.127.Final-sources.jar
2025-09-23 19:16:06,216 [Worker-9: Download sources and javadoc] INFO  o.e.m.j.internal.DownloadSourcesJob - Downloaded sources for io.netty:netty-handler:4.1.127.Final
2025-09-23 19:16:06,358 [Worker-9: Download sources and javadoc] INFO  o.e.m.c.i.e.AbstractTransferListenerAdapter - Downloading https://repo.maven.apache.org/maven2/io/netty/netty-codec-http2/4.1.127.Final/netty-codec-http2-4.1.127.Final-sources.jar
2025-09-23 19:16:06,493 [Worker-9: Download sources and javadoc] INFO  o.e.m.c.i.e.AbstractTransferListenerAdapter - Downloaded https://repo.maven.apache.org/maven2/io/netty/netty-codec-http2/4.1.127.Final/netty-codec-http2-4.1.127.Final-sources.jar
2025-09-23 19:16:06,502 [Worker-9: Download sources and javadoc] INFO  o.e.m.j.internal.DownloadSourcesJob - Downloaded sources for io.netty:netty-codec-http2:4.1.127.Final
2025-09-23 19:16:06,606 [Worker-9: Download sources and javadoc] INFO  o.e.m.c.i.e.AbstractTransferListenerAdapter - Downloading https://repo.maven.apache.org/maven2/io/netty/netty-resolver-dns/4.1.127.Final/netty-resolver-dns-4.1.127.Final-sources.jar
2025-09-23 19:16:06,708 [Worker-9: Download sources and javadoc] INFO  o.e.m.c.i.e.AbstractTransferListenerAdapter - Downloaded https://repo.maven.apache.org/maven2/io/netty/netty-resolver-dns/4.1.127.Final/netty-resolver-dns-4.1.127.Final-sources.jar
2025-09-23 19:16:06,717 [Worker-9: Download sources and javadoc] INFO  o.e.m.j.internal.DownloadSourcesJob - Downloaded sources for io.netty:netty-resolver-dns:4.1.127.Final
2025-09-23 19:16:06,949 [Worker-9: Download sources and javadoc] INFO  o.e.m.c.i.e.AbstractTransferListenerAdapter - Downloading https://repo.maven.apache.org/maven2/io/netty/netty-resolver/4.1.127.Final/netty-resolver-4.1.127.Final-sources.jar
2025-09-23 19:16:07,943 [Worker-9: Download sources and javadoc] INFO  o.e.m.c.i.e.AbstractTransferListenerAdapter - Downloaded https://repo.maven.apache.org/maven2/io/netty/netty-resolver/4.1.127.Final/netty-resolver-4.1.127.Final-sources.jar
2025-09-23 19:16:07,951 [Worker-9: Download sources and javadoc] INFO  o.e.m.j.internal.DownloadSourcesJob - Downloaded sources for io.netty:netty-resolver:4.1.127.Final
2025-09-23 19:16:08,032 [Worker-9: Download sources and javadoc] INFO  o.e.m.c.i.e.AbstractTransferListenerAdapter - Downloading https://repo.maven.apache.org/maven2/io/netty/netty-codec-dns/4.1.127.Final/netty-codec-dns-4.1.127.Final-sources.jar
2025-09-23 19:16:08,127 [Worker-9: Download sources and javadoc] INFO  o.e.m.c.i.e.AbstractTransferListenerAdapter - Downloaded https://repo.maven.apache.org/maven2/io/netty/netty-codec-dns/4.1.127.Final/netty-codec-dns-4.1.127.Final-sources.jar
2025-09-23 19:16:08,136 [Worker-9: Download sources and javadoc] INFO  o.e.m.j.internal.DownloadSourcesJob - Downloaded sources for io.netty:netty-codec-dns:4.1.127.Final
2025-09-23 19:16:08,339 [Worker-9: Download sources and javadoc] INFO  o.e.m.c.i.e.AbstractTransferListenerAdapter - Downloading https://repo.maven.apache.org/maven2/io/netty/netty-resolver-dns-native-macos/4.1.127.Final/netty-resolver-dns-native-macos-4.1.127.Final-sources.jar
2025-09-23 19:16:08,607 [Worker-9: Download sources and javadoc] INFO  o.e.m.c.i.e.AbstractTransferListenerAdapter - Downloaded https://repo.maven.apache.org/maven2/io/netty/netty-resolver-dns-native-macos/4.1.127.Final/netty-resolver-dns-native-macos-4.1.127.Final-sources.jar
2025-09-23 19:16:08,616 [Worker-9: Download sources and javadoc] INFO  o.e.m.j.internal.DownloadSourcesJob - Downloaded sources for io.netty:netty-resolver-dns-native-macos:4.1.127.Finalosx-x86_64
2025-09-23 19:16:08,801 [Worker-9: Download sources and javadoc] INFO  o.e.m.c.i.e.AbstractTransferListenerAdapter - Downloading https://repo.maven.apache.org/maven2/io/netty/netty-resolver-dns-classes-macos/4.1.127.Final/netty-resolver-dns-classes-macos-4.1.127.Final-sources.jar
2025-09-23 19:16:09,019 [Worker-9: Download sources and javadoc] INFO  o.e.m.c.i.e.AbstractTransferListenerAdapter - Downloaded https://repo.maven.apache.org/maven2/io/netty/netty-resolver-dns-classes-macos/4.1.127.Final/netty-resolver-dns-classes-macos-4.1.127.Final-sources.jar
2025-09-23 19:16:09,029 [Worker-9: Download sources and javadoc] INFO  o.e.m.j.internal.DownloadSourcesJob - Downloaded sources for io.netty:netty-resolver-dns-classes-macos:4.1.127.Final
2025-09-23 19:16:09,108 [Worker-9: Download sources and javadoc] INFO  o.e.m.c.i.e.AbstractTransferListenerAdapter - Downloading https://repo.maven.apache.org/maven2/io/netty/netty-transport-native-epoll/4.1.127.Final/netty-transport-native-epoll-4.1.127.Final-sources.jar
2025-09-23 19:16:09,456 [Worker-9: Download sources and javadoc] INFO  o.e.m.c.i.e.AbstractTransferListenerAdapter - Downloaded https://repo.maven.apache.org/maven2/io/netty/netty-transport-native-epoll/4.1.127.Final/netty-transport-native-epoll-4.1.127.Final-sources.jar
2025-09-23 19:16:09,465 [Worker-9: Download sources and javadoc] INFO  o.e.m.j.internal.DownloadSourcesJob - Downloaded sources for io.netty:netty-transport-native-epoll:4.1.127.Finallinux-x86_64
2025-09-23 19:16:09,550 [Worker-9: Download sources and javadoc] INFO  o.e.m.c.i.e.AbstractTransferListenerAdapter - Downloading https://repo.maven.apache.org/maven2/io/netty/netty-transport-native-unix-common/4.1.127.Final/netty-transport-native-unix-common-4.1.127.Final-sources.jar
2025-09-23 19:16:09,642 [Worker-9: Download sources and javadoc] INFO  o.e.m.c.i.e.AbstractTransferListenerAdapter - Downloaded https://repo.maven.apache.org/maven2/io/netty/netty-transport-native-unix-common/4.1.127.Final/netty-transport-native-unix-common-4.1.127.Final-sources.jar
2025-09-23 19:16:09,654 [Worker-9: Download sources and javadoc] INFO  o.e.m.j.internal.DownloadSourcesJob - Downloaded sources for io.netty:netty-transport-native-unix-common:4.1.127.Final
2025-09-23 19:16:09,722 [Worker-9: Download sources and javadoc] INFO  o.e.m.c.i.e.AbstractTransferListenerAdapter - Downloading https://repo.maven.apache.org/maven2/io/netty/netty-transport-classes-epoll/4.1.127.Final/netty-transport-classes-epoll-4.1.127.Final-sources.jar
2025-09-23 19:16:09,815 [Worker-9: Download sources and javadoc] INFO  o.e.m.c.i.e.AbstractTransferListenerAdapter - Downloaded https://repo.maven.apache.org/maven2/io/netty/netty-transport-classes-epoll/4.1.127.Final/netty-transport-classes-epoll-4.1.127.Final-sources.jar
2025-09-23 19:16:09,824 [Worker-9: Download sources and javadoc] INFO  o.e.m.j.internal.DownloadSourcesJob - Downloaded sources for io.netty:netty-transport-classes-epoll:4.1.127.Final
2025-09-23 19:16:10,020 [Worker-9: Download sources and javadoc] INFO  o.e.m.c.i.e.AbstractTransferListenerAdapter - Downloading https://repo.maven.apache.org/maven2/io/projectreactor/netty/reactor-netty-core/1.2.10/reactor-netty-core-1.2.10-sources.jar
2025-09-23 19:16:10,142 [Worker-9: Download sources and javadoc] INFO  o.e.m.c.i.e.AbstractTransferListenerAdapter - Downloaded https://repo.maven.apache.org/maven2/io/projectreactor/netty/reactor-netty-core/1.2.10/reactor-netty-core-1.2.10-sources.jar
2025-09-23 19:16:10,150 [Worker-9: Download sources and javadoc] INFO  o.e.m.j.internal.DownloadSourcesJob - Downloaded sources for io.projectreactor.netty:reactor-netty-core:1.2.10
2025-09-23 19:16:10,256 [Worker-9: Download sources and javadoc] INFO  o.e.m.c.i.e.AbstractTransferListenerAdapter - Downloading https://repo.maven.apache.org/maven2/io/netty/netty-handler-proxy/4.1.127.Final/netty-handler-proxy-4.1.127.Final-sources.jar
2025-09-23 19:16:10,873 [Worker-9: Download sources and javadoc] INFO  o.e.m.c.i.e.AbstractTransferListenerAdapter - Downloaded https://repo.maven.apache.org/maven2/io/netty/netty-handler-proxy/4.1.127.Final/netty-handler-proxy-4.1.127.Final-sources.jar
2025-09-23 19:16:10,885 [Worker-9: Download sources and javadoc] INFO  o.e.m.j.internal.DownloadSourcesJob - Downloaded sources for io.netty:netty-handler-proxy:4.1.127.Final
2025-09-23 19:16:10,980 [Worker-9: Download sources and javadoc] INFO  o.e.m.c.i.e.AbstractTransferListenerAdapter - Downloading https://repo.maven.apache.org/maven2/io/netty/netty-codec-socks/4.1.127.Final/netty-codec-socks-4.1.127.Final-sources.jar
2025-09-23 19:16:11,102 [Worker-9: Download sources and javadoc] INFO  o.e.m.c.i.e.AbstractTransferListenerAdapter - Downloaded https://repo.maven.apache.org/maven2/io/netty/netty-codec-socks/4.1.127.Final/netty-codec-socks-4.1.127.Final-sources.jar
2025-09-23 19:16:11,112 [Worker-9: Download sources and javadoc] INFO  o.e.m.j.internal.DownloadSourcesJob - Downloaded sources for io.netty:netty-codec-socks:4.1.127.Final
2025-09-23 19:16:11,204 [Worker-9: Download sources and javadoc] INFO  o.e.m.c.i.e.AbstractTransferListenerAdapter - Downloading https://repo.maven.apache.org/maven2/org/springframework/spring-webflux/6.2.11/spring-webflux-6.2.11-sources.jar
2025-09-23 19:16:11,365 [Worker-9: Download sources and javadoc] INFO  o.e.m.c.i.e.AbstractTransferListenerAdapter - Downloaded https://repo.maven.apache.org/maven2/org/springframework/spring-webflux/6.2.11/spring-webflux-6.2.11-sources.jar
2025-09-23 19:16:11,375 [Worker-9: Download sources and javadoc] INFO  o.e.m.j.internal.DownloadSourcesJob - Downloaded sources for org.springframework:spring-webflux:6.2.11
2025-09-23 19:16:11,449 [Worker-9: Download sources and javadoc] INFO  o.e.m.c.i.e.AbstractTransferListenerAdapter - Downloading https://repo.maven.apache.org/maven2/org/springframework/boot/spring-boot-devtools/3.5.6/spring-boot-devtools-3.5.6-sources.jar
2025-09-23 19:16:11,557 [Worker-9: Download sources and javadoc] INFO  o.e.m.c.i.e.AbstractTransferListenerAdapter - Downloaded https://repo.maven.apache.org/maven2/org/springframework/boot/spring-boot-devtools/3.5.6/spring-boot-devtools-3.5.6-sources.jar
2025-09-23 19:16:11,566 [Worker-9: Download sources and javadoc] INFO  o.e.m.j.internal.DownloadSourcesJob - Downloaded sources for org.springframework.boot:spring-boot-devtools:3.5.6
2025-09-23 19:16:11,632 [Worker-9: Download sources and javadoc] INFO  o.e.m.c.i.e.AbstractTransferListenerAdapter - Downloading https://repo.maven.apache.org/maven2/io/projectreactor/reactor-test/3.7.11/reactor-test-3.7.11-sources.jar
2025-09-23 19:16:11,723 [Worker-9: Download sources and javadoc] INFO  o.e.m.c.i.e.AbstractTransferListenerAdapter - Downloaded https://repo.maven.apache.org/maven2/io/projectreactor/reactor-test/3.7.11/reactor-test-3.7.11-sources.jar
2025-09-23 19:16:11,733 [Worker-9: Download sources and javadoc] INFO  o.e.m.j.internal.DownloadSourcesJob - Downloaded sources for io.projectreactor:reactor-test:3.7.11
2025-09-23 19:16:11,801 [Worker-9: Download sources and javadoc] INFO  o.e.m.c.i.e.AbstractTransferListenerAdapter - Downloading https://repo.maven.apache.org/maven2/io/projectreactor/reactor-core/3.7.11/reactor-core-3.7.11-sources.jar
2025-09-23 19:16:12,141 [Worker-9: Download sources and javadoc] INFO  o.e.m.c.i.e.AbstractTransferListenerAdapter - Downloaded https://repo.maven.apache.org/maven2/io/projectreactor/reactor-core/3.7.11/reactor-core-3.7.11-sources.jar
2025-09-23 19:16:12,151 [Worker-9: Download sources and javadoc] INFO  o.e.m.j.internal.DownloadSourcesJob - Downloaded sources for io.projectreactor:reactor-core:3.7.11
2025-09-23 19:16:12,244 [Worker-9: Download sources and javadoc] INFO  o.e.m.c.i.e.AbstractTransferListenerAdapter - Downloading https://repo.maven.apache.org/maven2/org/springframework/security/spring-security-test/6.5.5/spring-security-test-6.5.5-sources.jar
2025-09-23 19:16:12,364 [Worker-9: Download sources and javadoc] INFO  o.e.m.c.i.e.AbstractTransferListenerAdapter - Downloaded https://repo.maven.apache.org/maven2/org/springframework/security/spring-security-test/6.5.5/spring-security-test-6.5.5-sources.jar
2025-09-23 19:16:12,376 [Worker-9: Download sources and javadoc] INFO  o.e.m.j.internal.DownloadSourcesJob - Downloaded sources for org.springframework.security:spring-security-test:6.5.5
2025-09-23 19:16:12,457 [Worker-9: Download sources and javadoc] INFO  o.e.m.c.i.e.AbstractTransferListenerAdapter - Downloading https://repo.maven.apache.org/maven2/org/springframework/security/spring-security-core/6.5.5/spring-security-core-6.5.5-sources.jar
2025-09-23 19:16:12,494 [Worker-10: Import Getting Started Content] INFO  o.e.m.c.i.p.ProjectConfigurationManager - Imported and configured 1 project(s) in 56 sec
2025-09-23 19:16:12,501 [Worker-10: Import Getting Started Content] INFO  o.e.m.c.i.p.ProjectConfigurationManager - Update started
2025-09-23 19:16:13,553 [Worker-10: Import Getting Started Content] INFO  o.e.m.c.i.l.LifecycleMappingFactory - Using org.eclipse.m2e.jdt.JarLifecycleMapping lifecycle mapping for MavenProject: com.cozystay:cozystay:0.0.1-SNAPSHOT @ C:\Users\nakka\OneDrive\Desktop\cozystay-backend\cozystay\pom.xml.
2025-09-23 19:16:13,965 [Worker-9: Download sources and javadoc] INFO  o.e.m.c.i.e.AbstractTransferListenerAdapter - Downloaded https://repo.maven.apache.org/maven2/org/springframework/security/spring-security-core/6.5.5/spring-security-core-6.5.5-sources.jar
2025-09-23 19:16:13,976 [Worker-9: Download sources and javadoc] INFO  o.e.m.j.internal.DownloadSourcesJob - Downloaded sources for org.springframework.security:spring-security-core:6.5.5
2025-09-23 19:16:14,644 [Worker-9: Download sources and javadoc] INFO  o.e.m.c.i.e.AbstractTransferListenerAdapter - Downloading https://repo.maven.apache.org/maven2/org/springframework/security/spring-security-crypto/6.5.5/spring-security-crypto-6.5.5-sources.jar
2025-09-23 19:16:14,819 [Worker-9: Download sources and javadoc] INFO  o.e.m.c.i.e.AbstractTransferListenerAdapter - Downloaded https://repo.maven.apache.org/maven2/org/springframework/security/spring-security-crypto/6.5.5/spring-security-crypto-6.5.5-sources.jar
2025-09-23 19:16:14,830 [Worker-9: Download sources and javadoc] INFO  o.e.m.j.internal.DownloadSourcesJob - Downloaded sources for org.springframework.security:spring-security-crypto:6.5.5
2025-09-23 19:16:15,488 [Worker-10: Import Getting Started Content] INFO  o.e.m.j.i.AbstractJavaProjectConfigurator - Adding source folder /cozystay/src/main/java
2025-09-23 19:16:15,492 [Worker-10: Import Getting Started Content] INFO  o.e.m.j.i.AbstractJavaProjectConfigurator - Adding resource folder /cozystay/src/main/resources
2025-09-23 19:16:15,494 [Worker-10: Import Getting Started Content] INFO  o.e.m.j.i.AbstractJavaProjectConfigurator - Adding resource folder /cozystay/src/main/resources
2025-09-23 19:16:15,496 [Worker-10: Import Getting Started Content] INFO  o.e.m.j.i.AbstractJavaProjectConfigurator - Adding source folder /cozystay/src/test/java
2025-09-23 19:16:15,499 [Worker-10: Import Getting Started Content] INFO  o.e.m.j.i.AbstractJavaProjectConfigurator - Adding resource folder /cozystay/src/test/resources
2025-09-23 19:16:16,692 [Worker-10: Import Getting Started Content] INFO  o.e.m.c.i.p.ProjectConfigurationManager - Update completed for 1 poms: local refresh takes 0.00 sec, refresh facades takes 2.00 sec, update config takes 0.00 sec 
2025-09-23 19:16:18,814 [Worker-9: Building] INFO  o.a.m.s.f.DefaultMavenResourcesFiltering - Copying 1 resource from src\main\resources to target\classes
2025-09-23 19:16:18,856 [Worker-9: Building] INFO  o.a.m.s.f.DefaultMavenResourcesFiltering - Copying 0 resource from src\main\resources to target\classes
2025-09-23 19:16:18,868 [Worker-9: Building] INFO  o.a.m.s.f.DefaultMavenResourcesFiltering - skip non existing resourceDirectory C:\Users\nakka\OneDrive\Desktop\cozystay-backend\cozystay\src\test\resources
2025-09-23 19:17:07,635 [Worker-4: Building] INFO  o.e.m.c.i.e.AbstractTransferListenerAdapter - Downloading https://repo.maven.apache.org/maven2/org/springframework/boot/spring-boot-devtools/3.1.0/spring-boot-devtools-3.1.0.pom
2025-09-23 19:17:07,713 [Worker-4: Building] INFO  o.e.m.c.i.e.AbstractTransferListenerAdapter - Downloaded https://repo.maven.apache.org/maven2/org/springframework/boot/spring-boot-devtools/3.1.0/spring-boot-devtools-3.1.0.pom
2025-09-23 19:17:07,731 [Worker-4: Building] WARN  o.e.m.c.i.embedder.EclipseLogger - The artifact mysql:mysql-connector-java:jar:8.0.33 has been relocated to com.mysql:mysql-connector-j:jar:8.0.33: MySQL Connector/J artifacts moved to reverse-DNS compliant Maven 2+ coordinates.
2025-09-23 19:17:08,085 [Worker-4: Building] INFO  o.e.m.c.i.e.AbstractTransferListenerAdapter - Downloading https://repo.maven.apache.org/maven2/org/springframework/boot/spring-boot-devtools/3.1.0/spring-boot-devtools-3.1.0.jar
2025-09-23 19:17:08,604 [Worker-4: Building] INFO  o.e.m.c.i.e.AbstractTransferListenerAdapter - Downloaded https://repo.maven.apache.org/maven2/org/springframework/boot/spring-boot-devtools/3.1.0/spring-boot-devtools-3.1.0.jar
2025-09-23 19:17:12,942 [Worker-4: Building] INFO  o.e.m.c.i.l.LifecycleMappingFactory - Using org.eclipse.m2e.jdt.JarLifecycleMapping lifecycle mapping for MavenProject: com.cozystay:cozystay-backend:1.0.0 @ C:\Users\nakka\OneDrive\Desktop\cozystay-backend\cozystay\pom.xml.
2025-09-23 19:17:12,968 [Worker-4: Building] WARN  o.e.m.c.i.embedder.EclipseLogger - The artifact mysql:mysql-connector-java:jar:8.0.33 has been relocated to com.mysql:mysql-connector-j:jar:8.0.33: MySQL Connector/J artifacts moved to reverse-DNS compliant Maven 2+ coordinates.
2025-09-23 19:17:14,114 [Worker-4: Building] INFO  o.a.m.s.f.DefaultMavenResourcesFiltering - Copying 0 resource from src\main\resources to target\classes
2025-09-23 19:17:14,118 [Worker-4: Building] INFO  o.a.m.s.f.DefaultMavenResourcesFiltering - Copying 0 resource from src\main\resources to target\classes
2025-09-23 19:17:14,129 [Worker-4: Building] INFO  o.a.m.s.f.DefaultMavenResourcesFiltering - skip non existing resourceDirectory C:\Users\nakka\OneDrive\Desktop\cozystay-backend\cozystay\src\test\resources
2025-09-23 19:17:14,719 [Worker-9: Updating Maven Project] INFO  o.e.m.c.i.p.ProjectConfigurationManager - Update started
2025-09-23 19:17:14,818 [Worker-12: Download sources and javadoc] INFO  o.e.m.c.i.e.AbstractTransferListenerAdapter - Downloading https://repo.maven.apache.org/maven2/org/springframework/boot/spring-boot-devtools/3.1.0/spring-boot-devtools-3.1.0-sources.jar
2025-09-23 19:17:14,939 [Worker-12: Download sources and javadoc] INFO  o.e.m.c.i.e.AbstractTransferListenerAdapter - Downloaded https://repo.maven.apache.org/maven2/org/springframework/boot/spring-boot-devtools/3.1.0/spring-boot-devtools-3.1.0-sources.jar
2025-09-23 19:17:14,949 [Worker-12: Download sources and javadoc] INFO  o.e.m.j.internal.DownloadSourcesJob - Downloaded sources for org.springframework.boot:spring-boot-devtools:3.1.0
2025-09-23 19:17:15,391 [Worker-9: Updating Maven Project] INFO  o.e.m.c.i.l.LifecycleMappingFactory - Using org.eclipse.m2e.jdt.JarLifecycleMapping lifecycle mapping for MavenProject: com.cozystay:cozystay-backend:1.0.0 @ C:\Users\nakka\OneDrive\Desktop\cozystay-backend\cozystay\pom.xml.
2025-09-23 19:17:15,864 [Worker-9: Updating Maven Project] WARN  o.e.m.c.i.embedder.EclipseLogger - The artifact mysql:mysql-connector-java:jar:8.0.33 has been relocated to com.mysql:mysql-connector-j:jar:8.0.33: MySQL Connector/J artifacts moved to reverse-DNS compliant Maven 2+ coordinates.
2025-09-23 19:17:16,630 [Worker-9: Updating Maven Project] INFO  o.e.m.j.i.AbstractJavaProjectConfigurator - Adding source folder /cozystay/src/main/java
2025-09-23 19:17:16,633 [Worker-9: Updating Maven Project] INFO  o.e.m.j.i.AbstractJavaProjectConfigurator - Adding resource folder /cozystay/src/main/resources
2025-09-23 19:17:16,636 [Worker-9: Updating Maven Project] INFO  o.e.m.j.i.AbstractJavaProjectConfigurator - Adding resource folder /cozystay/src/main/resources
2025-09-23 19:17:16,637 [Worker-9: Updating Maven Project] INFO  o.e.m.j.i.AbstractJavaProjectConfigurator - Adding source folder /cozystay/src/test/java
2025-09-23 19:17:16,640 [Worker-9: Updating Maven Project] INFO  o.e.m.j.i.AbstractJavaProjectConfigurator - Adding resource folder /cozystay/src/test/resources
2025-09-23 19:17:17,679 [Worker-9: Updating Maven Project] INFO  o.e.m.c.i.p.ProjectConfigurationManager - Update completed for 1 poms: local refresh takes 0.00 sec, refresh facades takes 1.00 sec, update config takes 0.00 sec 
2025-09-23 19:17:17,693 [Worker-14: Updating Maven Project] INFO  o.e.m.c.i.p.ProjectConfigurationManager - Update started
2025-09-23 19:17:18,428 [Worker-14: Updating Maven Project] INFO  o.e.m.c.i.l.LifecycleMappingFactory - Using org.eclipse.m2e.jdt.JarLifecycleMapping lifecycle mapping for MavenProject: com.cozystay:cozystay-backend:1.0.0 @ C:\Users\nakka\OneDrive\Desktop\cozystay-backend\cozystay\pom.xml.
2025-09-23 19:17:18,943 [Worker-14: Updating Maven Project] WARN  o.e.m.c.i.embedder.EclipseLogger - The artifact mysql:mysql-connector-java:jar:8.0.33 has been relocated to com.mysql:mysql-connector-j:jar:8.0.33: MySQL Connector/J artifacts moved to reverse-DNS compliant Maven 2+ coordinates.
2025-09-23 19:17:19,945 [Worker-14: Updating Maven Project] INFO  o.e.m.j.i.AbstractJavaProjectConfigurator - Adding source folder /cozystay/src/main/java
2025-09-23 19:17:19,947 [Worker-14: Updating Maven Project] INFO  o.e.m.j.i.AbstractJavaProjectConfigurator - Adding resource folder /cozystay/src/main/resources
2025-09-23 19:17:19,949 [Worker-14: Updating Maven Project] INFO  o.e.m.j.i.AbstractJavaProjectConfigurator - Adding resource folder /cozystay/src/main/resources
2025-09-23 19:17:19,950 [Worker-14: Updating Maven Project] INFO  o.e.m.j.i.AbstractJavaProjectConfigurator - Adding source folder /cozystay/src/test/java
2025-09-23 19:17:19,952 [Worker-14: Updating Maven Project] INFO  o.e.m.j.i.AbstractJavaProjectConfigurator - Adding resource folder /cozystay/src/test/resources
2025-09-23 19:17:20,461 [Worker-14: Updating Maven Project] INFO  o.e.m.c.i.p.ProjectConfigurationManager - Update completed for 1 poms: local refresh takes 0.00 sec, refresh facades takes 2.00 sec, update config takes 0.00 sec 
2025-09-23 19:17:21,675 [Worker-5: Building] INFO  o.a.m.s.f.DefaultMavenResourcesFiltering - Copying 1 resource from src\main\resources to target\classes
2025-09-23 19:17:21,726 [Worker-5: Building] INFO  o.a.m.s.f.DefaultMavenResourcesFiltering - Copying 0 resource from src\main\resources to target\classes
2025-09-23 19:17:21,738 [Worker-5: Building] INFO  o.a.m.s.f.DefaultMavenResourcesFiltering - skip non existing resourceDirectory C:\Users\nakka\OneDrive\Desktop\cozystay-backend\cozystay\src\test\resources
2025-09-23 19:19:06,042 [Worker-16: Building] INFO  o.a.m.s.f.DefaultMavenResourcesFiltering - Copying 1 resource from src\main\resources to target\classes
2025-09-23 19:19:06,060 [Worker-16: Building] INFO  o.a.m.s.f.DefaultMavenResourcesFiltering - Copying 0 resource from src\main\resources to target\classes
2025-09-23 19:19:06,067 [Worker-16: Building] INFO  o.a.m.s.f.DefaultMavenResourcesFiltering - skip non existing resourceDirectory C:\Users\nakka\OneDrive\Desktop\cozystay-backend\cozystay\src\test\resources
2025-09-23 19:19:25,474 [Worker-16: Building] INFO  o.a.m.s.f.DefaultMavenResourcesFiltering - Copying 1 resource from src\main\resources to target\classes
2025-09-23 19:19:25,484 [Worker-16: Building] INFO  o.a.m.s.f.DefaultMavenResourcesFiltering - Copying 0 resource from src\main\resources to target\classes
2025-09-23 19:19:25,490 [Worker-16: Building] INFO  o.a.m.s.f.DefaultMavenResourcesFiltering - skip non existing resourceDirectory C:\Users\nakka\OneDrive\Desktop\cozystay-backend\cozystay\src\test\resources
2025-09-23 19:22:49,032 [Worker-8: Building] INFO  o.a.m.s.f.DefaultMavenResourcesFiltering - Copying 0 resource from src\main\resources to target\classes
2025-09-23 19:22:49,035 [Worker-8: Building] INFO  o.a.m.s.f.DefaultMavenResourcesFiltering - Copying 0 resource from src\main\resources to target\classes
2025-09-23 19:22:49,048 [Worker-8: Building] INFO  o.a.m.s.f.DefaultMavenResourcesFiltering - skip non existing resourceDirectory C:\Users\nakka\OneDrive\Desktop\cozystay-backend\cozystay\src\test\resources
2025-09-23 19:25:14,394 [Worker-18: Import Getting Started Content] INFO  o.e.m.c.i.l.LifecycleMappingFactory - Using org.eclipse.m2e.jdt.JarLifecycleMapping lifecycle mapping for MavenProject: com.cozystay:cozystay1:0.0.1-SNAPSHOT @ C:\Users\nakka\OneDrive\Desktop\cozystay-backend\cozystay1\pom.xml.
2025-09-23 19:25:16,512 [Worker-18: Import Getting Started Content] INFO  o.e.m.j.i.AbstractJavaProjectConfigurator - Adding source folder /cozystay1/src/main/java
2025-09-23 19:25:16,515 [Worker-18: Import Getting Started Content] INFO  o.e.m.j.i.AbstractJavaProjectConfigurator - Adding resource folder /cozystay1/src/main/resources
2025-09-23 19:25:16,526 [Worker-18: Import Getting Started Content] INFO  o.e.m.j.i.AbstractJavaProjectConfigurator - Adding resource folder /cozystay1/src/main/resources
2025-09-23 19:25:16,534 [Worker-18: Import Getting Started Content] INFO  o.e.m.j.i.AbstractJavaProjectConfigurator - Adding source folder /cozystay1/src/test/java
2025-09-23 19:25:16,537 [Worker-18: Import Getting Started Content] INFO  o.e.m.j.i.AbstractJavaProjectConfigurator - Adding resource folder /cozystay1/src/test/resources
2025-09-23 19:25:17,615 [Worker-18: Import Getting Started Content] INFO  o.e.m.c.i.p.ProjectConfigurationManager - Imported and configured 1 project(s) in 4 sec
2025-09-23 19:25:17,621 [Worker-18: Import Getting Started Content] INFO  o.e.m.c.i.p.ProjectConfigurationManager - Update started
2025-09-23 19:25:18,647 [Worker-18: Import Getting Started Content] INFO  o.e.m.c.i.l.LifecycleMappingFactory - Using org.eclipse.m2e.jdt.JarLifecycleMapping lifecycle mapping for MavenProject: com.cozystay:cozystay1:0.0.1-SNAPSHOT @ C:\Users\nakka\OneDrive\Desktop\cozystay-backend\cozystay1\pom.xml.
2025-09-23 19:25:20,546 [Worker-18: Import Getting Started Content] INFO  o.e.m.j.i.AbstractJavaProjectConfigurator - Adding source folder /cozystay1/src/main/java
2025-09-23 19:25:20,548 [Worker-18: Import Getting Started Content] INFO  o.e.m.j.i.AbstractJavaProjectConfigurator - Adding resource folder /cozystay1/src/main/resources
2025-09-23 19:25:20,551 [Worker-18: Import Getting Started Content] INFO  o.e.m.j.i.AbstractJavaProjectConfigurator - Adding resource folder /cozystay1/src/main/resources
2025-09-23 19:25:20,553 [Worker-18: Import Getting Started Content] INFO  o.e.m.j.i.AbstractJavaProjectConfigurator - Adding source folder /cozystay1/src/test/java
2025-09-23 19:25:20,555 [Worker-18: Import Getting Started Content] INFO  o.e.m.j.i.AbstractJavaProjectConfigurator - Adding resource folder /cozystay1/src/test/resources
2025-09-23 19:25:22,039 [Worker-18: Import Getting Started Content] INFO  o.e.m.c.i.p.ProjectConfigurationManager - Update completed for 1 poms: local refresh takes 0.00 sec, refresh facades takes 2.00 sec, update config takes 1.00 sec 
2025-09-23 19:25:23,096 [Worker-5: Building] INFO  o.a.m.s.f.DefaultMavenResourcesFiltering - Copying 1 resource from src\main\resources to target\classes
2025-09-23 19:25:23,149 [Worker-5: Building] INFO  o.a.m.s.f.DefaultMavenResourcesFiltering - Copying 0 resource from src\main\resources to target\classes
2025-09-23 19:25:23,169 [Worker-5: Building] INFO  o.a.m.s.f.DefaultMavenResourcesFiltering - skip non existing resourceDirectory C:\Users\nakka\OneDrive\Desktop\cozystay-backend\cozystay1\src\test\resources
2025-09-23 19:25:52,285 [Worker-18: Building] WARN  o.e.m.c.i.embedder.EclipseLogger - The artifact mysql:mysql-connector-java:jar:8.0.33 has been relocated to com.mysql:mysql-connector-j:jar:8.0.33: MySQL Connector/J artifacts moved to reverse-DNS compliant Maven 2+ coordinates.
2025-09-23 19:25:52,620 [Worker-18: Building] INFO  o.e.m.c.i.l.LifecycleMappingFactory - Using org.eclipse.m2e.jdt.JarLifecycleMapping lifecycle mapping for MavenProject: com.cozystay:cozystay-backend:1.0.0 @ C:\Users\nakka\OneDrive\Desktop\cozystay-backend\cozystay1\pom.xml.
2025-09-23 19:25:52,632 [Worker-18: Building] WARN  o.e.m.c.i.embedder.EclipseLogger - The artifact mysql:mysql-connector-java:jar:8.0.33 has been relocated to com.mysql:mysql-connector-j:jar:8.0.33: MySQL Connector/J artifacts moved to reverse-DNS compliant Maven 2+ coordinates.
2025-09-23 19:25:53,338 [Worker-18: Building] INFO  o.a.m.s.f.DefaultMavenResourcesFiltering - Copying 0 resource from src\main\resources to target\classes
2025-09-23 19:25:53,340 [Worker-18: Building] INFO  o.a.m.s.f.DefaultMavenResourcesFiltering - Copying 0 resource from src\main\resources to target\classes
2025-09-23 19:25:53,351 [Worker-18: Building] INFO  o.a.m.s.f.DefaultMavenResourcesFiltering - skip non existing resourceDirectory C:\Users\nakka\OneDrive\Desktop\cozystay-backend\cozystay1\src\test\resources
2025-09-23 19:25:54,093 [Worker-20: Updating Maven Project] INFO  o.e.m.c.i.p.ProjectConfigurationManager - Update started
2025-09-23 19:25:54,968 [Worker-20: Updating Maven Project] INFO  o.e.m.c.i.l.LifecycleMappingFactory - Using org.eclipse.m2e.jdt.JarLifecycleMapping lifecycle mapping for MavenProject: com.cozystay:cozystay-backend:1.0.0 @ C:\Users\nakka\OneDrive\Desktop\cozystay-backend\cozystay1\pom.xml.
2025-09-23 19:25:55,647 [Worker-20: Updating Maven Project] WARN  o.e.m.c.i.embedder.EclipseLogger - The artifact mysql:mysql-connector-java:jar:8.0.33 has been relocated to com.mysql:mysql-connector-j:jar:8.0.33: MySQL Connector/J artifacts moved to reverse-DNS compliant Maven 2+ coordinates.
2025-09-23 19:25:56,417 [Worker-20: Updating Maven Project] INFO  o.e.m.j.i.AbstractJavaProjectConfigurator - Adding source folder /cozystay1/src/main/java
2025-09-23 19:25:56,419 [Worker-20: Updating Maven Project] INFO  o.e.m.j.i.AbstractJavaProjectConfigurator - Adding resource folder /cozystay1/src/main/resources
2025-09-23 19:25:56,421 [Worker-20: Updating Maven Project] INFO  o.e.m.j.i.AbstractJavaProjectConfigurator - Adding resource folder /cozystay1/src/main/resources
2025-09-23 19:25:56,423 [Worker-20: Updating Maven Project] INFO  o.e.m.j.i.AbstractJavaProjectConfigurator - Adding source folder /cozystay1/src/test/java
2025-09-23 19:25:56,425 [Worker-20: Updating Maven Project] INFO  o.e.m.j.i.AbstractJavaProjectConfigurator - Adding resource folder /cozystay1/src/test/resources
2025-09-23 19:25:57,144 [Worker-20: Updating Maven Project] INFO  o.e.m.c.i.p.ProjectConfigurationManager - Update completed for 1 poms: local refresh takes 0.00 sec, refresh facades takes 2.00 sec, update config takes 0.00 sec 
2025-09-23 19:25:57,685 [Worker-20: Building] INFO  o.a.m.s.f.DefaultMavenResourcesFiltering - Copying 1 resource from src\main\resources to target\classes
2025-09-23 19:25:57,718 [Worker-20: Building] INFO  o.a.m.s.f.DefaultMavenResourcesFiltering - Copying 0 resource from src\main\resources to target\classes
2025-09-23 19:25:57,730 [Worker-20: Building] INFO  o.a.m.s.f.DefaultMavenResourcesFiltering - skip non existing resourceDirectory C:\Users\nakka\OneDrive\Desktop\cozystay-backend\cozystay1\src\test\resources
2025-09-23 19:29:55,537 [Worker-8: Building] INFO  o.a.m.s.f.DefaultMavenResourcesFiltering - Copying 1 resource from src\main\resources to target\classes
2025-09-23 19:29:55,554 [Worker-8: Building] INFO  o.a.m.s.f.DefaultMavenResourcesFiltering - Copying 0 resource from src\main\resources to target\classes
2025-09-23 19:29:55,563 [Worker-8: Building] INFO  o.a.m.s.f.DefaultMavenResourcesFiltering - skip non existing resourceDirectory C:\Users\nakka\OneDrive\Desktop\cozystay-backend\cozystay1\src\test\resources
2025-09-23 19:30:18,606 [Worker-8: Building] INFO  o.a.m.s.f.DefaultMavenResourcesFiltering - Copying 1 resource from src\main\resources to target\classes
2025-09-23 19:30:18,619 [Worker-8: Building] INFO  o.a.m.s.f.DefaultMavenResourcesFiltering - Copying 0 resource from src\main\resources to target\classes
2025-09-23 19:30:18,626 [Worker-8: Building] INFO  o.a.m.s.f.DefaultMavenResourcesFiltering - skip non existing resourceDirectory C:\Users\nakka\OneDrive\Desktop\cozystay-backend\cozystay1\src\test\resources
2025-09-23 19:30:42,477 [Worker-5: Building] INFO  o.a.m.s.f.DefaultMavenResourcesFiltering - Copying 1 resource from src\main\resources to target\classes
2025-09-23 19:30:42,492 [Worker-5: Building] INFO  o.a.m.s.f.DefaultMavenResourcesFiltering - Copying 0 resource from src\main\resources to target\classes
2025-09-23 19:30:42,497 [Worker-5: Building] INFO  o.a.m.s.f.DefaultMavenResourcesFiltering - skip non existing resourceDirectory C:\Users\nakka\OneDrive\Desktop\cozystay-backend\cozystay1\src\test\resources
2025-09-23 19:30:47,738 [Worker-8: Building] INFO  o.a.m.s.f.DefaultMavenResourcesFiltering - Copying 1 resource from src\main\resources to target\classes
2025-09-23 19:30:47,769 [Worker-8: Building] INFO  o.a.m.s.f.DefaultMavenResourcesFiltering - Copying 0 resource from src\main\resources to target\classes
2025-09-23 19:30:47,777 [Worker-8: Building] INFO  o.a.m.s.f.DefaultMavenResourcesFiltering - skip non existing resourceDirectory C:\Users\nakka\OneDrive\Desktop\cozystay-backend\cozystay1\src\test\resources
2025-09-23 19:31:06,746 [Worker-20: Building] INFO  o.a.m.s.f.DefaultMavenResourcesFiltering - Copying 1 resource from src\main\resources to target\classes
2025-09-23 19:31:06,755 [Worker-20: Building] INFO  o.a.m.s.f.DefaultMavenResourcesFiltering - Copying 0 resource from src\main\resources to target\classes
2025-09-23 19:31:06,763 [Worker-20: Building] INFO  o.a.m.s.f.DefaultMavenResourcesFiltering - skip non existing resourceDirectory C:\Users\nakka\OneDrive\Desktop\cozystay-backend\cozystay1\src\test\resources
2025-09-23 19:31:11,101 [Worker-5: Building] INFO  o.a.m.s.f.DefaultMavenResourcesFiltering - Copying 1 resource from src\main\resources to target\classes
2025-09-23 19:31:11,107 [Worker-5: Building] INFO  o.a.m.s.f.DefaultMavenResourcesFiltering - Copying 0 resource from src\main\resources to target\classes
2025-09-23 19:31:11,112 [Worker-5: Building] INFO  o.a.m.s.f.DefaultMavenResourcesFiltering - skip non existing resourceDirectory C:\Users\nakka\OneDrive\Desktop\cozystay-backend\cozystay1\src\test\resources
2025-09-23 19:32:37,777 [Worker-16: Building] INFO  o.a.m.s.f.DefaultMavenResourcesFiltering - Copying 1 resource from src\main\resources to target\classes
2025-09-23 19:32:37,789 [Worker-16: Building] INFO  o.a.m.s.f.DefaultMavenResourcesFiltering - Copying 0 resource from src\main\resources to target\classes
2025-09-23 19:32:37,796 [Worker-16: Building] INFO  o.a.m.s.f.DefaultMavenResourcesFiltering - skip non existing resourceDirectory C:\Users\nakka\OneDrive\Desktop\cozystay-backend\cozystay1\src\test\resources
2025-09-23 19:32:44,316 [Worker-22: Building] INFO  o.a.m.s.f.DefaultMavenResourcesFiltering - Copying 1 resource from src\main\resources to target\classes
2025-09-23 19:32:44,326 [Worker-22: Building] INFO  o.a.m.s.f.DefaultMavenResourcesFiltering - Copying 0 resource from src\main\resources to target\classes
2025-09-23 19:32:44,334 [Worker-22: Building] INFO  o.a.m.s.f.DefaultMavenResourcesFiltering - skip non existing resourceDirectory C:\Users\nakka\OneDrive\Desktop\cozystay-backend\cozystay1\src\test\resources
2025-09-23 19:33:03,219 [Worker-9: Building] INFO  o.a.m.s.f.DefaultMavenResourcesFiltering - Copying 1 resource from src\main\resources to target\classes
2025-09-23 19:33:03,228 [Worker-9: Building] INFO  o.a.m.s.f.DefaultMavenResourcesFiltering - Copying 0 resource from src\main\resources to target\classes
2025-09-23 19:33:03,236 [Worker-9: Building] INFO  o.a.m.s.f.DefaultMavenResourcesFiltering - skip non existing resourceDirectory C:\Users\nakka\OneDrive\Desktop\cozystay-backend\cozystay1\src\test\resources
2025-09-23 19:33:07,515 [Worker-9: Building] INFO  o.a.m.s.f.DefaultMavenResourcesFiltering - Copying 1 resource from src\main\resources to target\classes
2025-09-23 19:33:07,529 [Worker-9: Building] INFO  o.a.m.s.f.DefaultMavenResourcesFiltering - Copying 0 resource from src\main\resources to target\classes
2025-09-23 19:33:07,534 [Worker-9: Building] INFO  o.a.m.s.f.DefaultMavenResourcesFiltering - skip non existing resourceDirectory C:\Users\nakka\OneDrive\Desktop\cozystay-backend\cozystay1\src\test\resources
2025-09-23 19:33:26,301 [Worker-20: Building] INFO  o.a.m.s.f.DefaultMavenResourcesFiltering - Copying 1 resource from src\main\resources to target\classes
2025-09-23 19:33:26,312 [Worker-20: Building] INFO  o.a.m.s.f.DefaultMavenResourcesFiltering - Copying 0 resource from src\main\resources to target\classes
2025-09-23 19:33:26,321 [Worker-20: Building] INFO  o.a.m.s.f.DefaultMavenResourcesFiltering - skip non existing resourceDirectory C:\Users\nakka\OneDrive\Desktop\cozystay-backend\cozystay1\src\test\resources
2025-09-23 19:33:32,211 [Worker-20: Building] INFO  o.a.m.s.f.DefaultMavenResourcesFiltering - Copying 1 resource from src\main\resources to target\classes
2025-09-23 19:33:32,219 [Worker-20: Building] INFO  o.a.m.s.f.DefaultMavenResourcesFiltering - Copying 0 resource from src\main\resources to target\classes
2025-09-23 19:33:32,224 [Worker-20: Building] INFO  o.a.m.s.f.DefaultMavenResourcesFiltering - skip non existing resourceDirectory C:\Users\nakka\OneDrive\Desktop\cozystay-backend\cozystay1\src\test\resources
2025-09-23 19:34:13,714 [Worker-16: Building] INFO  o.a.m.s.f.DefaultMavenResourcesFiltering - Copying 1 resource from src\main\resources to target\classes
2025-09-23 19:34:13,727 [Worker-16: Building] INFO  o.a.m.s.f.DefaultMavenResourcesFiltering - Copying 0 resource from src\main\resources to target\classes
2025-09-23 19:34:13,735 [Worker-16: Building] INFO  o.a.m.s.f.DefaultMavenResourcesFiltering - skip non existing resourceDirectory C:\Users\nakka\OneDrive\Desktop\cozystay-backend\cozystay1\src\test\resources
2025-09-23 19:34:19,406 [Worker-5: Building] INFO  o.a.m.s.f.DefaultMavenResourcesFiltering - Copying 1 resource from src\main\resources to target\classes
2025-09-23 19:34:19,416 [Worker-5: Building] INFO  o.a.m.s.f.DefaultMavenResourcesFiltering - Copying 0 resource from src\main\resources to target\classes
2025-09-23 19:34:19,423 [Worker-5: Building] INFO  o.a.m.s.f.DefaultMavenResourcesFiltering - skip non existing resourceDirectory C:\Users\nakka\OneDrive\Desktop\cozystay-backend\cozystay1\src\test\resources
2025-09-23 19:35:09,977 [Worker-16: Building] INFO  o.a.m.s.f.DefaultMavenResourcesFiltering - Copying 1 resource from src\main\resources to target\classes
2025-09-23 19:35:09,989 [Worker-16: Building] INFO  o.a.m.s.f.DefaultMavenResourcesFiltering - Copying 0 resource from src\main\resources to target\classes
2025-09-23 19:35:09,994 [Worker-16: Building] INFO  o.a.m.s.f.DefaultMavenResourcesFiltering - skip non existing resourceDirectory C:\Users\nakka\OneDrive\Desktop\cozystay-backend\cozystay1\src\test\resources
2025-09-23 19:35:14,855 [Worker-22: Building] INFO  o.a.m.s.f.DefaultMavenResourcesFiltering - Copying 1 resource from src\main\resources to target\classes
2025-09-23 19:35:14,863 [Worker-22: Building] INFO  o.a.m.s.f.DefaultMavenResourcesFiltering - Copying 0 resource from src\main\resources to target\classes
2025-09-23 19:35:14,868 [Worker-22: Building] INFO  o.a.m.s.f.DefaultMavenResourcesFiltering - skip non existing resourceDirectory C:\Users\nakka\OneDrive\Desktop\cozystay-backend\cozystay1\src\test\resources
2025-09-23 19:36:16,050 [Worker-9: Building] INFO  o.a.m.s.f.DefaultMavenResourcesFiltering - Copying 1 resource from src\main\resources to target\classes
2025-09-23 19:36:16,065 [Worker-9: Building] INFO  o.a.m.s.f.DefaultMavenResourcesFiltering - Copying 0 resource from src\main\resources to target\classes
2025-09-23 19:36:16,070 [Worker-9: Building] INFO  o.a.m.s.f.DefaultMavenResourcesFiltering - skip non existing resourceDirectory C:\Users\nakka\OneDrive\Desktop\cozystay-backend\cozystay1\src\test\resources
2025-09-23 19:36:22,848 [Worker-16: Building] INFO  o.a.m.s.f.DefaultMavenResourcesFiltering - Copying 1 resource from src\main\resources to target\classes
2025-09-23 19:36:22,864 [Worker-16: Building] INFO  o.a.m.s.f.DefaultMavenResourcesFiltering - Copying 0 resource from src\main\resources to target\classes
2025-09-23 19:36:22,870 [Worker-16: Building] INFO  o.a.m.s.f.DefaultMavenResourcesFiltering - skip non existing resourceDirectory C:\Users\nakka\OneDrive\Desktop\cozystay-backend\cozystay1\src\test\resources
2025-09-23 19:40:23,516 [Worker-23: Building] INFO  o.e.m.c.i.l.LifecycleMappingFactory - Using org.eclipse.m2e.jdt.JarLifecycleMapping lifecycle mapping for MavenProject: com.cozystay:cozystay-backend:1.0.0 @ C:\Users\nakka\OneDrive\Desktop\cozystay-backend\cozystay1\pom.xml.
2025-09-23 19:40:24,248 [Worker-23: Building] INFO  o.e.m.c.i.e.AbstractTransferListenerAdapter - Downloading https://repo.maven.apache.org/maven2/org/springframework/boot/spring-boot-starter-security/3.1.0/spring-boot-starter-security-3.1.0.pom
2025-09-23 19:40:24,324 [Worker-23: Building] INFO  o.e.m.c.i.e.AbstractTransferListenerAdapter - Downloaded https://repo.maven.apache.org/maven2/org/springframework/boot/spring-boot-starter-security/3.1.0/spring-boot-starter-security-3.1.0.pom
2025-09-23 19:40:24,366 [Worker-23: Building] INFO  o.e.m.c.i.e.AbstractTransferListenerAdapter - Downloading https://repo.maven.apache.org/maven2/org/springframework/security/spring-security-config/6.1.0/spring-security-config-6.1.0.pom
2025-09-23 19:40:24,443 [Worker-23: Building] INFO  o.e.m.c.i.e.AbstractTransferListenerAdapter - Downloaded https://repo.maven.apache.org/maven2/org/springframework/security/spring-security-config/6.1.0/spring-security-config-6.1.0.pom
2025-09-23 19:40:24,580 [Worker-23: Building] INFO  o.e.m.c.i.e.AbstractTransferListenerAdapter - Downloading https://repo.maven.apache.org/maven2/org/springframework/security/spring-security-core/6.1.0/spring-security-core-6.1.0.pom
2025-09-23 19:40:24,674 [Worker-23: Building] INFO  o.e.m.c.i.e.AbstractTransferListenerAdapter - Downloaded https://repo.maven.apache.org/maven2/org/springframework/security/spring-security-core/6.1.0/spring-security-core-6.1.0.pom
2025-09-23 19:40:24,850 [Worker-23: Building] INFO  o.e.m.c.i.e.AbstractTransferListenerAdapter - Downloading https://repo.maven.apache.org/maven2/org/springframework/security/spring-security-crypto/6.1.0/spring-security-crypto-6.1.0.pom
2025-09-23 19:40:24,903 [Worker-23: Building] INFO  o.e.m.c.i.e.AbstractTransferListenerAdapter - Downloaded https://repo.maven.apache.org/maven2/org/springframework/security/spring-security-crypto/6.1.0/spring-security-crypto-6.1.0.pom
2025-09-23 19:40:25,015 [Worker-23: Building] INFO  o.e.m.c.i.e.AbstractTransferListenerAdapter - Downloading https://repo.maven.apache.org/maven2/org/springframework/security/spring-security-web/6.1.0/spring-security-web-6.1.0.pom
2025-09-23 19:40:25,080 [Worker-23: Building] INFO  o.e.m.c.i.e.AbstractTransferListenerAdapter - Downloaded https://repo.maven.apache.org/maven2/org/springframework/security/spring-security-web/6.1.0/spring-security-web-6.1.0.pom
2025-09-23 19:40:26,247 [Worker-23: Building] INFO  o.e.m.c.i.e.AbstractTransferListenerAdapter - Downloading https://repo.maven.apache.org/maven2/org/springframework/boot/spring-boot-starter-security/3.1.0/spring-boot-starter-security-3.1.0.jar
2025-09-23 19:40:26,376 [Worker-23: Building] INFO  o.e.m.c.i.e.AbstractTransferListenerAdapter - Downloaded https://repo.maven.apache.org/maven2/org/springframework/boot/spring-boot-starter-security/3.1.0/spring-boot-starter-security-3.1.0.jar
2025-09-23 19:40:26,402 [BasicRepositoryConnector-repo.maven.apache.org-1-0] INFO  o.e.m.c.i.e.AbstractTransferListenerAdapter - Downloading https://repo.maven.apache.org/maven2/org/springframework/security/spring-security-config/6.1.0/spring-security-config-6.1.0.jar
2025-09-23 19:40:26,432 [BasicRepositoryConnector-repo.maven.apache.org-1-2] INFO  o.e.m.c.i.e.AbstractTransferListenerAdapter - Downloading https://repo.maven.apache.org/maven2/org/springframework/security/spring-security-crypto/6.1.0/spring-security-crypto-6.1.0.jar
2025-09-23 19:40:26,445 [BasicRepositoryConnector-repo.maven.apache.org-1-3] INFO  o.e.m.c.i.e.AbstractTransferListenerAdapter - Downloading https://repo.maven.apache.org/maven2/org/springframework/security/spring-security-web/6.1.0/spring-security-web-6.1.0.jar
2025-09-23 19:40:26,457 [BasicRepositoryConnector-repo.maven.apache.org-1-1] INFO  o.e.m.c.i.e.AbstractTransferListenerAdapter - Downloading https://repo.maven.apache.org/maven2/org/springframework/security/spring-security-core/6.1.0/spring-security-core-6.1.0.jar
2025-09-23 19:40:26,552 [BasicRepositoryConnector-repo.maven.apache.org-1-2] INFO  o.e.m.c.i.e.AbstractTransferListenerAdapter - Downloaded https://repo.maven.apache.org/maven2/org/springframework/security/spring-security-crypto/6.1.0/spring-security-crypto-6.1.0.jar
2025-09-23 19:40:26,773 [BasicRepositoryConnector-repo.maven.apache.org-1-0] INFO  o.e.m.c.i.e.AbstractTransferListenerAdapter - Downloaded https://repo.maven.apache.org/maven2/org/springframework/security/spring-security-config/6.1.0/spring-security-config-6.1.0.jar
2025-09-23 19:40:26,798 [BasicRepositoryConnector-repo.maven.apache.org-1-3] INFO  o.e.m.c.i.e.AbstractTransferListenerAdapter - Downloaded https://repo.maven.apache.org/maven2/org/springframework/security/spring-security-web/6.1.0/spring-security-web-6.1.0.jar
2025-09-23 19:40:26,838 [BasicRepositoryConnector-repo.maven.apache.org-1-1] INFO  o.e.m.c.i.e.AbstractTransferListenerAdapter - Downloaded https://repo.maven.apache.org/maven2/org/springframework/security/spring-security-core/6.1.0/spring-security-core-6.1.0.jar
2025-09-23 19:40:29,444 [Worker-23: Building] INFO  o.a.m.s.f.DefaultMavenResourcesFiltering - Copying 0 resource from src\main\resources to target\classes
2025-09-23 19:40:29,447 [Worker-23: Building] INFO  o.a.m.s.f.DefaultMavenResourcesFiltering - Copying 0 resource from src\main\resources to target\classes
2025-09-23 19:40:29,455 [Worker-23: Building] INFO  o.a.m.s.f.DefaultMavenResourcesFiltering - skip non existing resourceDirectory C:\Users\nakka\OneDrive\Desktop\cozystay-backend\cozystay1\src\test\resources
2025-09-23 19:40:30,092 [Worker-28: Download sources and javadoc] INFO  o.e.m.c.i.e.AbstractTransferListenerAdapter - Downloading https://repo.maven.apache.org/maven2/org/springframework/boot/spring-boot-starter-security/3.1.0/spring-boot-starter-security-3.1.0-sources.jar
2025-09-23 19:40:30,330 [Worker-28: Download sources and javadoc] INFO  o.e.m.c.i.e.AbstractTransferListenerAdapter - Downloaded https://repo.maven.apache.org/maven2/org/springframework/boot/spring-boot-starter-security/3.1.0/spring-boot-starter-security-3.1.0-sources.jar
2025-09-23 19:40:30,342 [Worker-28: Download sources and javadoc] INFO  o.e.m.j.internal.DownloadSourcesJob - Downloaded sources for org.springframework.boot:spring-boot-starter-security:3.1.0
2025-09-23 19:40:30,434 [Worker-28: Download sources and javadoc] INFO  o.e.m.c.i.e.AbstractTransferListenerAdapter - Downloading https://repo.maven.apache.org/maven2/org/springframework/security/spring-security-config/6.1.0/spring-security-config-6.1.0-sources.jar
2025-09-23 19:40:30,653 [Worker-28: Download sources and javadoc] INFO  o.e.m.c.i.e.AbstractTransferListenerAdapter - Downloaded https://repo.maven.apache.org/maven2/org/springframework/security/spring-security-config/6.1.0/spring-security-config-6.1.0-sources.jar
2025-09-23 19:40:30,664 [Worker-28: Download sources and javadoc] INFO  o.e.m.j.internal.DownloadSourcesJob - Downloaded sources for org.springframework.security:spring-security-config:6.1.0
2025-09-23 19:40:30,735 [Worker-28: Download sources and javadoc] INFO  o.e.m.c.i.e.AbstractTransferListenerAdapter - Downloading https://repo.maven.apache.org/maven2/org/springframework/security/spring-security-core/6.1.0/spring-security-core-6.1.0-sources.jar
2025-09-23 19:40:30,914 [Worker-28: Download sources and javadoc] INFO  o.e.m.c.i.e.AbstractTransferListenerAdapter - Downloaded https://repo.maven.apache.org/maven2/org/springframework/security/spring-security-core/6.1.0/spring-security-core-6.1.0-sources.jar
2025-09-23 19:40:30,928 [Worker-28: Download sources and javadoc] INFO  o.e.m.j.internal.DownloadSourcesJob - Downloaded sources for org.springframework.security:spring-security-core:6.1.0
2025-09-23 19:40:31,217 [Worker-27: Building] INFO  o.a.m.s.f.DefaultMavenResourcesFiltering - Copying 1 resource from src\main\resources to target\classes
2025-09-23 19:40:31,262 [Worker-27: Building] INFO  o.a.m.s.f.DefaultMavenResourcesFiltering - Copying 0 resource from src\main\resources to target\classes
2025-09-23 19:40:31,270 [Worker-27: Building] INFO  o.a.m.s.f.DefaultMavenResourcesFiltering - skip non existing resourceDirectory C:\Users\nakka\OneDrive\Desktop\cozystay-backend\cozystay1\src\test\resources
2025-09-23 19:40:31,380 [Worker-28: Download sources and javadoc] INFO  o.e.m.c.i.e.AbstractTransferListenerAdapter - Downloading https://repo.maven.apache.org/maven2/org/springframework/security/spring-security-crypto/6.1.0/spring-security-crypto-6.1.0-sources.jar
2025-09-23 19:40:31,485 [Worker-28: Download sources and javadoc] INFO  o.e.m.c.i.e.AbstractTransferListenerAdapter - Downloaded https://repo.maven.apache.org/maven2/org/springframework/security/spring-security-crypto/6.1.0/spring-security-crypto-6.1.0-sources.jar
2025-09-23 19:40:31,497 [Worker-28: Download sources and javadoc] INFO  o.e.m.j.internal.DownloadSourcesJob - Downloaded sources for org.springframework.security:spring-security-crypto:6.1.0
2025-09-23 19:40:31,814 [Worker-28: Download sources and javadoc] INFO  o.e.m.c.i.e.AbstractTransferListenerAdapter - Downloading https://repo.maven.apache.org/maven2/org/springframework/security/spring-security-web/6.1.0/spring-security-web-6.1.0-sources.jar
2025-09-23 19:40:31,990 [Worker-28: Download sources and javadoc] INFO  o.e.m.c.i.e.AbstractTransferListenerAdapter - Downloaded https://repo.maven.apache.org/maven2/org/springframework/security/spring-security-web/6.1.0/spring-security-web-6.1.0-sources.jar
2025-09-23 19:40:32,004 [Worker-28: Download sources and javadoc] INFO  o.e.m.j.internal.DownloadSourcesJob - Downloaded sources for org.springframework.security:spring-security-web:6.1.0
2025-09-23 19:41:18,751 [Worker-28: Building] INFO  o.a.m.s.f.DefaultMavenResourcesFiltering - Copying 1 resource from src\main\resources to target\classes
2025-09-23 19:41:18,766 [Worker-28: Building] INFO  o.a.m.s.f.DefaultMavenResourcesFiltering - Copying 0 resource from src\main\resources to target\classes
2025-09-23 19:41:18,772 [Worker-28: Building] INFO  o.a.m.s.f.DefaultMavenResourcesFiltering - skip non existing resourceDirectory C:\Users\nakka\OneDrive\Desktop\cozystay-backend\cozystay1\src\test\resources
2025-09-23 19:42:14,564 [Worker-25: Building] INFO  o.a.m.s.f.DefaultMavenResourcesFiltering - Copying 1 resource from src\main\resources to target\classes
2025-09-23 19:42:14,585 [Worker-25: Building] INFO  o.a.m.s.f.DefaultMavenResourcesFiltering - Copying 0 resource from src\main\resources to target\classes
2025-09-23 19:42:14,591 [Worker-25: Building] INFO  o.a.m.s.f.DefaultMavenResourcesFiltering - skip non existing resourceDirectory C:\Users\nakka\OneDrive\Desktop\cozystay-backend\cozystay1\src\test\resources
2025-09-23 19:44:58,604 [Worker-22: Building] INFO  o.a.m.s.f.DefaultMavenResourcesFiltering - Copying 1 resource from src\main\resources to target\classes
2025-09-23 19:44:58,618 [Worker-22: Building] INFO  o.a.m.s.f.DefaultMavenResourcesFiltering - Copying 0 resource from src\main\resources to target\classes
2025-09-23 19:44:58,624 [Worker-22: Building] INFO  o.a.m.s.f.DefaultMavenResourcesFiltering - skip non existing resourceDirectory C:\Users\nakka\OneDrive\Desktop\cozystay-backend\cozystay1\src\test\resources
2025-09-23 19:45:06,923 [Worker-25: Building] INFO  o.a.m.s.f.DefaultMavenResourcesFiltering - Copying 1 resource from src\main\resources to target\classes
2025-09-23 19:45:06,936 [Worker-25: Building] INFO  o.a.m.s.f.DefaultMavenResourcesFiltering - Copying 0 resource from src\main\resources to target\classes
2025-09-23 19:45:06,940 [Worker-25: Building] INFO  o.a.m.s.f.DefaultMavenResourcesFiltering - skip non existing resourceDirectory C:\Users\nakka\OneDrive\Desktop\cozystay-backend\cozystay1\src\test\resources
2025-09-23 20:33:17,037 [Worker-22: Launching cozystay1 - Cozystay1Application] INFO  o.a.m.s.f.DefaultMavenResourcesFiltering - Copying 1 resource from src\main\resources to target\classes
2025-09-23 20:33:17,114 [Worker-22: Launching cozystay1 - Cozystay1Application] INFO  o.a.m.s.f.DefaultMavenResourcesFiltering - Copying 0 resource from src\main\resources to target\classes
2025-09-23 20:33:17,119 [Worker-22: Launching cozystay1 - Cozystay1Application] INFO  o.a.m.s.f.DefaultMavenResourcesFiltering - skip non existing resourceDirectory C:\Users\nakka\OneDrive\Desktop\cozystay-backend\cozystay1\src\test\resources
2025-09-23 20:36:05,825 [Worker-31: Launching cozystay1 - Cozystay1Application] INFO  o.a.m.s.f.DefaultMavenResourcesFiltering - Copying 1 resource from src\main\resources to target\classes
2025-09-23 20:36:05,861 [Worker-31: Launching cozystay1 - Cozystay1Application] INFO  o.a.m.s.f.DefaultMavenResourcesFiltering - Copying 0 resource from src\main\resources to target\classes
2025-09-23 20:36:05,866 [Worker-31: Launching cozystay1 - Cozystay1Application] INFO  o.a.m.s.f.DefaultMavenResourcesFiltering - skip non existing resourceDirectory C:\Users\nakka\OneDrive\Desktop\cozystay-backend\cozystay1\src\test\resources
2025-09-23 20:36:30,691 [Worker-35: Building] INFO  o.a.m.s.f.DefaultMavenResourcesFiltering - Copying 1 resource from src\main\resources to target\classes
2025-09-23 20:36:30,718 [Worker-35: Building] INFO  o.a.m.s.f.DefaultMavenResourcesFiltering - Copying 0 resource from src\main\resources to target\classes
2025-09-23 20:36:30,724 [Worker-35: Building] INFO  o.a.m.s.f.DefaultMavenResourcesFiltering - skip non existing resourceDirectory C:\Users\nakka\OneDrive\Desktop\cozystay-backend\cozystay1\src\test\resources
2025-09-23 20:44:03,954 [Worker-39: Building] INFO  o.e.m.c.i.l.LifecycleMappingFactory - Using org.eclipse.m2e.jdt.JarLifecycleMapping lifecycle mapping for MavenProject: com.cozystay:cozystay-backend:1.0.0 @ C:\Users\nakka\OneDrive\Desktop\cozystay-backend\cozystay1\pom.xml.
2025-09-23 20:44:19,992 [Worker-40: Building] INFO  o.e.m.c.i.l.LifecycleMappingFactory - Using org.eclipse.m2e.jdt.JarLifecycleMapping lifecycle mapping for MavenProject: com.cozystay:cozystay-backend:1.0.0 @ C:\Users\nakka\OneDrive\Desktop\cozystay-backend\cozystay1\pom.xml.
2025-09-23 20:44:22,866 [Worker-40: Building] INFO  o.a.m.s.f.DefaultMavenResourcesFiltering - Copying 1 resource from src\main\resources to target\classes
2025-09-23 20:44:22,906 [Worker-40: Building] INFO  o.a.m.s.f.DefaultMavenResourcesFiltering - Copying 0 resource from src\main\resources to target\classes
2025-09-23 20:44:22,920 [Worker-40: Building] INFO  o.a.m.s.f.DefaultMavenResourcesFiltering - skip non existing resourceDirectory C:\Users\nakka\OneDrive\Desktop\cozystay-backend\cozystay1\src\test\resources
2025-09-23 20:44:24,383 [Worker-32: Building] INFO  o.a.m.s.f.DefaultMavenResourcesFiltering - Copying 1 resource from src\main\resources to target\classes
2025-09-23 20:44:24,389 [Worker-32: Building] INFO  o.a.m.s.f.DefaultMavenResourcesFiltering - Copying 0 resource from src\main\resources to target\classes
2025-09-23 20:44:24,396 [Worker-32: Building] INFO  o.a.m.s.f.DefaultMavenResourcesFiltering - skip non existing resourceDirectory C:\Users\nakka\OneDrive\Desktop\cozystay-backend\cozystay1\src\test\resources
2025-09-23 20:46:55,252 [Worker-34: Launching cozystay1 - Cozystay1Application] INFO  o.a.m.s.f.DefaultMavenResourcesFiltering - Copying 1 resource from src\main\resources to target\classes
2025-09-23 20:46:55,282 [Worker-34: Launching cozystay1 - Cozystay1Application] INFO  o.a.m.s.f.DefaultMavenResourcesFiltering - Copying 0 resource from src\main\resources to target\classes
2025-09-23 20:46:55,288 [Worker-34: Launching cozystay1 - Cozystay1Application] INFO  o.a.m.s.f.DefaultMavenResourcesFiltering - skip non existing resourceDirectory C:\Users\nakka\OneDrive\Desktop\cozystay-backend\cozystay1\src\test\resources
2025-09-23 20:49:58,959 [Worker-42: Building] INFO  o.a.m.s.f.DefaultMavenResourcesFiltering - Copying 1 resource from src\main\resources to target\classes
2025-09-23 20:49:58,976 [Worker-42: Building] INFO  o.a.m.s.f.DefaultMavenResourcesFiltering - Copying 0 resource from src\main\resources to target\classes
2025-09-23 20:49:58,983 [Worker-42: Building] INFO  o.a.m.s.f.DefaultMavenResourcesFiltering - skip non existing resourceDirectory C:\Users\nakka\OneDrive\Desktop\cozystay-backend\cozystay1\src\test\resources
2025-09-23 22:00:43,296 [Worker-47: Building] INFO  o.a.m.s.f.DefaultMavenResourcesFiltering - Copying 1 resource from src\main\resources to target\classes
2025-09-23 22:00:43,335 [Worker-47: Building] INFO  o.a.m.s.f.DefaultMavenResourcesFiltering - Copying 0 resource from src\main\resources to target\classes
2025-09-23 22:00:43,377 [Worker-47: Building] INFO  o.a.m.s.f.DefaultMavenResourcesFiltering - skip non existing resourceDirectory C:\Users\nakka\OneDrive\Desktop\cozystay-backend\cozystay1\src\test\resources
2025-09-23 22:04:31,147 [Worker-51: Building] INFO  o.a.m.s.f.DefaultMavenResourcesFiltering - Copying 1 resource from src\main\resources to target\classes
2025-09-23 22:04:31,220 [Worker-51: Building] INFO  o.a.m.s.f.DefaultMavenResourcesFiltering - Copying 0 resource from src\main\resources to target\classes
2025-09-23 22:04:31,229 [Worker-51: Building] INFO  o.a.m.s.f.DefaultMavenResourcesFiltering - skip non existing resourceDirectory C:\Users\nakka\OneDrive\Desktop\cozystay-backend\cozystay1\src\test\resources
2025-09-23 22:04:53,948 [Worker-47: Building] INFO  o.a.m.s.f.DefaultMavenResourcesFiltering - Copying 1 resource from src\main\resources to target\classes
2025-09-23 22:04:54,006 [Worker-47: Building] INFO  o.a.m.s.f.DefaultMavenResourcesFiltering - Copying 0 resource from src\main\resources to target\classes
2025-09-23 22:04:54,011 [Worker-47: Building] INFO  o.a.m.s.f.DefaultMavenResourcesFiltering - skip non existing resourceDirectory C:\Users\nakka\OneDrive\Desktop\cozystay-backend\cozystay1\src\test\resources
2025-09-23 22:05:35,680 [Worker-44: Building] INFO  o.a.m.s.f.DefaultMavenResourcesFiltering - Copying 1 resource from src\main\resources to target\classes
2025-09-23 22:05:35,701 [Worker-44: Building] INFO  o.a.m.s.f.DefaultMavenResourcesFiltering - Copying 0 resource from src\main\resources to target\classes
2025-09-23 22:05:35,706 [Worker-44: Building] INFO  o.a.m.s.f.DefaultMavenResourcesFiltering - skip non existing resourceDirectory C:\Users\nakka\OneDrive\Desktop\cozystay-backend\cozystay1\src\test\resources
2025-09-23 22:06:15,186 [Worker-54: Building] INFO  o.a.m.s.f.DefaultMavenResourcesFiltering - Copying 1 resource from src\main\resources to target\classes
2025-09-23 22:06:15,213 [Worker-54: Building] INFO  o.a.m.s.f.DefaultMavenResourcesFiltering - Copying 0 resource from src\main\resources to target\classes
2025-09-23 22:06:15,220 [Worker-54: Building] INFO  o.a.m.s.f.DefaultMavenResourcesFiltering - skip non existing resourceDirectory C:\Users\nakka\OneDrive\Desktop\cozystay-backend\cozystay1\src\test\resources
2025-09-23 22:06:33,036 [Worker-51: Building] INFO  o.a.m.s.f.DefaultMavenResourcesFiltering - Copying 1 resource from src\main\resources to target\classes
2025-09-23 22:06:33,052 [Worker-51: Building] INFO  o.a.m.s.f.DefaultMavenResourcesFiltering - Copying 0 resource from src\main\resources to target\classes
2025-09-23 22:06:33,057 [Worker-51: Building] INFO  o.a.m.s.f.DefaultMavenResourcesFiltering - skip non existing resourceDirectory C:\Users\nakka\OneDrive\Desktop\cozystay-backend\cozystay1\src\test\resources
2025-09-23 22:12:22,873 [Worker-47: Building] INFO  o.a.m.s.f.DefaultMavenResourcesFiltering - Copying 1 resource from src\main\resources to target\classes
2025-09-23 22:12:22,888 [Worker-47: Building] INFO  o.a.m.s.f.DefaultMavenResourcesFiltering - Copying 0 resource from src\main\resources to target\classes
2025-09-23 22:12:22,893 [Worker-47: Building] INFO  o.a.m.s.f.DefaultMavenResourcesFiltering - skip non existing resourceDirectory C:\Users\nakka\OneDrive\Desktop\cozystay-backend\cozystay1\src\test\resources
2025-09-23 22:12:46,265 [Worker-61: Launching cozystay1 - Cozystay1Application] INFO  o.a.m.s.f.DefaultMavenResourcesFiltering - Copying 1 resource from src\main\resources to target\classes
2025-09-23 22:12:46,284 [Worker-61: Launching cozystay1 - Cozystay1Application] INFO  o.a.m.s.f.DefaultMavenResourcesFiltering - Copying 0 resource from src\main\resources to target\classes
2025-09-23 22:12:46,290 [Worker-61: Launching cozystay1 - Cozystay1Application] INFO  o.a.m.s.f.DefaultMavenResourcesFiltering - skip non existing resourceDirectory C:\Users\nakka\OneDrive\Desktop\cozystay-backend\cozystay1\src\test\resources
2025-09-23 23:41:38,265 [Worker-60: Building] INFO  o.a.m.s.f.DefaultMavenResourcesFiltering - Copying 1 resource from src\main\resources to target\classes
2025-09-23 23:41:38,335 [Worker-60: Building] INFO  o.a.m.s.f.DefaultMavenResourcesFiltering - Copying 0 resource from src\main\resources to target\classes
2025-09-23 23:41:38,349 [Worker-60: Building] INFO  o.a.m.s.f.DefaultMavenResourcesFiltering - skip non existing resourceDirectory C:\Users\nakka\OneDrive\Desktop\cozystay-backend\cozystay1\src\test\resources
2025-09-23 23:59:09,129 [Worker-44: Building] INFO  o.a.m.s.f.DefaultMavenResourcesFiltering - Copying 1 resource from src\main\resources to target\classes
2025-09-23 23:59:09,193 [Worker-44: Building] INFO  o.a.m.s.f.DefaultMavenResourcesFiltering - Copying 0 resource from src\main\resources to target\classes
2025-09-23 23:59:09,199 [Worker-44: Building] INFO  o.a.m.s.f.DefaultMavenResourcesFiltering - skip non existing resourceDirectory C:\Users\nakka\OneDrive\Desktop\cozystay-backend\cozystay1\src\test\resources
2025-09-24 00:16:11,689 [Worker-44: Building] INFO  o.a.m.s.f.DefaultMavenResourcesFiltering - Copying 1 resource from src\main\resources to target\classes
2025-09-24 00:16:11,718 [Worker-44: Building] INFO  o.a.m.s.f.DefaultMavenResourcesFiltering - Copying 0 resource from src\main\resources to target\classes
2025-09-24 00:16:11,724 [Worker-44: Building] INFO  o.a.m.s.f.DefaultMavenResourcesFiltering - skip non existing resourceDirectory C:\Users\nakka\OneDrive\Desktop\cozystay-backend\cozystay1\src\test\resources
2025-09-24 00:16:47,158 [Worker-60: Building] INFO  o.a.m.s.f.DefaultMavenResourcesFiltering - Copying 1 resource from src\main\resources to target\classes
2025-09-24 00:16:47,177 [Worker-60: Building] INFO  o.a.m.s.f.DefaultMavenResourcesFiltering - Copying 0 resource from src\main\resources to target\classes
2025-09-24 00:16:47,181 [Worker-60: Building] INFO  o.a.m.s.f.DefaultMavenResourcesFiltering - skip non existing resourceDirectory C:\Users\nakka\OneDrive\Desktop\cozystay-backend\cozystay1\src\test\resources
2025-09-24 00:17:14,843 [Worker-54: Building] INFO  o.a.m.s.f.DefaultMavenResourcesFiltering - Copying 0 resource from src\main\resources to target\classes
2025-09-24 00:17:14,845 [Worker-54: Building] INFO  o.a.m.s.f.DefaultMavenResourcesFiltering - Copying 0 resource from src\main\resources to target\classes
2025-09-24 00:17:14,850 [Worker-54: Building] INFO  o.a.m.s.f.DefaultMavenResourcesFiltering - skip non existing resourceDirectory C:\Users\nakka\OneDrive\Desktop\cozystay-backend\cozystay1\src\test\resources
2025-09-24 00:17:15,913 [Worker-60: Building] INFO  o.a.m.s.f.DefaultMavenResourcesFiltering - Copying 0 resource from src\main\resources to target\classes
2025-09-24 00:17:15,915 [Worker-60: Building] INFO  o.a.m.s.f.DefaultMavenResourcesFiltering - Copying 0 resource from src\main\resources to target\classes
2025-09-24 00:17:15,919 [Worker-60: Building] INFO  o.a.m.s.f.DefaultMavenResourcesFiltering - skip non existing resourceDirectory C:\Users\nakka\OneDrive\Desktop\cozystay-backend\cozystay1\src\test\resources
2025-09-24 00:17:19,676 [Worker-47: Building] INFO  o.a.m.s.f.DefaultMavenResourcesFiltering - Copying 0 resource from src\main\resources to target\classes
2025-09-24 00:17:19,678 [Worker-47: Building] INFO  o.a.m.s.f.DefaultMavenResourcesFiltering - Copying 0 resource from src\main\resources to target\classes
2025-09-24 00:17:19,683 [Worker-47: Building] INFO  o.a.m.s.f.DefaultMavenResourcesFiltering - skip non existing resourceDirectory C:\Users\nakka\OneDrive\Desktop\cozystay-backend\cozystay1\src\test\resources
2025-09-24 00:17:24,035 [Worker-54: Launching cozystay1 - Cozystay1Application] INFO  o.a.m.s.f.DefaultMavenResourcesFiltering - Copying 1 resource from src\main\resources to target\classes
2025-09-24 00:17:24,049 [Worker-54: Launching cozystay1 - Cozystay1Application] INFO  o.a.m.s.f.DefaultMavenResourcesFiltering - Copying 0 resource from src\main\resources to target\classes
2025-09-24 00:17:24,053 [Worker-54: Launching cozystay1 - Cozystay1Application] INFO  o.a.m.s.f.DefaultMavenResourcesFiltering - skip non existing resourceDirectory C:\Users\nakka\OneDrive\Desktop\cozystay-backend\cozystay1\src\test\resources
2025-09-24 00:17:51,117 [Worker-47: Building] INFO  o.a.m.s.f.DefaultMavenResourcesFiltering - Copying 1 resource from src\main\resources to target\classes
2025-09-24 00:17:51,133 [Worker-47: Building] INFO  o.a.m.s.f.DefaultMavenResourcesFiltering - Copying 0 resource from src\main\resources to target\classes
2025-09-24 00:17:51,139 [Worker-47: Building] INFO  o.a.m.s.f.DefaultMavenResourcesFiltering - skip non existing resourceDirectory C:\Users\nakka\OneDrive\Desktop\cozystay-backend\cozystay1\src\test\resources
2025-09-24 12:18:15,437 [Worker-5: Loading available Gradle versions] INFO  o.e.b.c.i.u.g.PublishedGradleVersions - Gradle version information cache is up-to-date. Trying to read.
2025-09-24 12:28:58,215 [Worker-11: Building] INFO  o.a.m.s.f.DefaultMavenResourcesFiltering - Copying 1 resource from src\main\resources to target\classes
2025-09-24 12:28:58,327 [Worker-11: Building] INFO  o.a.m.s.f.DefaultMavenResourcesFiltering - Copying 0 resource from src\main\resources to target\classes
2025-09-24 12:28:58,343 [Worker-11: Building] INFO  o.a.m.s.f.DefaultMavenResourcesFiltering - skip non existing resourceDirectory C:\Users\nakka\OneDrive\Desktop\cozystay\cozystay\backend\cozystay-backend\cozystay1\src\test\resources
2025-09-24 12:43:24,238 [Worker-2: Building] INFO  o.a.m.s.f.DefaultMavenResourcesFiltering - Copying 1 resource from src\main\resources to target\classes
2025-09-24 12:43:24,260 [Worker-2: Building] INFO  o.a.m.s.f.DefaultMavenResourcesFiltering - Copying 0 resource from src\main\resources to target\classes
2025-09-24 12:43:24,269 [Worker-2: Building] INFO  o.a.m.s.f.DefaultMavenResourcesFiltering - skip non existing resourceDirectory C:\Users\nakka\OneDrive\Desktop\cozystay\cozystay\backend\cozystay-backend\cozystay1\src\test\resources
2025-09-24 12:43:33,291 [Worker-10: Building] INFO  o.a.m.s.f.DefaultMavenResourcesFiltering - Copying 1 resource from src\main\resources to target\classes
2025-09-24 12:43:33,303 [Worker-10: Building] INFO  o.a.m.s.f.DefaultMavenResourcesFiltering - Copying 0 resource from src\main\resources to target\classes
2025-09-24 12:43:33,310 [Worker-10: Building] INFO  o.a.m.s.f.DefaultMavenResourcesFiltering - skip non existing resourceDirectory C:\Users\nakka\OneDrive\Desktop\cozystay\cozystay\backend\cozystay-backend\cozystay1\src\test\resources
2025-09-24 15:03:01,492 [Worker-6: Loading available Gradle versions] INFO  o.e.b.c.i.u.g.PublishedGradleVersions - Gradle version information cache is up-to-date. Trying to read.
2025-09-24 15:20:55,216 [Worker-5: Building] INFO  o.a.m.s.f.DefaultMavenResourcesFiltering - Copying 1 resource from src\main\resources to target\classes
2025-09-24 15:20:55,279 [Worker-5: Building] INFO  o.a.m.s.f.DefaultMavenResourcesFiltering - Copying 0 resource from src\main\resources to target\classes
2025-09-24 15:20:55,293 [Worker-5: Building] INFO  o.a.m.s.f.DefaultMavenResourcesFiltering - skip non existing resourceDirectory C:\Users\nakka\OneDrive\Desktop\cozystay\cozystay\backend\cozystay-backend\cozystay1\src\test\resources
2025-09-24 15:21:12,827 [Worker-10: Building] INFO  o.a.m.s.f.DefaultMavenResourcesFiltering - Copying 1 resource from src\main\resources to target\classes
2025-09-24 15:21:12,853 [Worker-10: Building] INFO  o.a.m.s.f.DefaultMavenResourcesFiltering - Copying 0 resource from src\main\resources to target\classes
2025-09-24 15:21:12,869 [Worker-10: Building] INFO  o.a.m.s.f.DefaultMavenResourcesFiltering - skip non existing resourceDirectory C:\Users\nakka\OneDrive\Desktop\cozystay\cozystay\backend\cozystay-backend\cozystay1\src\test\resources
2025-09-24 15:23:11,097 [Worker-6: Building] INFO  o.a.m.s.f.DefaultMavenResourcesFiltering - Copying 1 resource from src\main\resources to target\classes
2025-09-24 15:23:11,108 [Worker-6: Building] INFO  o.a.m.s.f.DefaultMavenResourcesFiltering - Copying 0 resource from src\main\resources to target\classes
2025-09-24 15:23:11,115 [Worker-6: Building] INFO  o.a.m.s.f.DefaultMavenResourcesFiltering - skip non existing resourceDirectory C:\Users\nakka\OneDrive\Desktop\cozystay\cozystay\backend\cozystay-backend\cozystay1\src\test\resources
2025-09-24 15:23:36,759 [Worker-9: Building] INFO  o.a.m.s.f.DefaultMavenResourcesFiltering - Copying 1 resource from src\main\resources to target\classes
2025-09-24 15:23:36,772 [Worker-9: Building] INFO  o.a.m.s.f.DefaultMavenResourcesFiltering - Copying 0 resource from src\main\resources to target\classes
2025-09-24 15:23:36,780 [Worker-9: Building] INFO  o.a.m.s.f.DefaultMavenResourcesFiltering - skip non existing resourceDirectory C:\Users\nakka\OneDrive\Desktop\cozystay\cozystay\backend\cozystay-backend\cozystay1\src\test\resources
2025-09-24 20:26:21,791 [Worker-4: Loading available Gradle versions] INFO  o.e.b.c.i.u.g.PublishedGradleVersions - Gradle version information cache is out-of-date. Trying to update.
2025-09-24 23:22:47,749 [Worker-13: Building] INFO  o.a.m.s.f.DefaultMavenResourcesFiltering - Copying 1 resource from src\main\resources to target\classes
2025-09-24 23:22:47,843 [Worker-13: Building] INFO  o.a.m.s.f.DefaultMavenResourcesFiltering - Copying 0 resource from src\main\resources to target\classes
2025-09-24 23:22:47,859 [Worker-13: Building] INFO  o.a.m.s.f.DefaultMavenResourcesFiltering - skip non existing resourceDirectory C:\Users\nakka\OneDrive\Desktop\cozystay\cozystay\backend\cozystay-backend\cozystay1\src\test\resources
2025-09-24 23:34:12,207 [Worker-5: Loading available Gradle versions] INFO  o.e.b.c.i.u.g.PublishedGradleVersions - Gradle version information cache is up-to-date. Trying to read.
2025-09-24 23:56:19,495 [Worker-4: Loading available Gradle versions] INFO  o.e.b.c.i.u.g.PublishedGradleVersions - Gradle version information cache is up-to-date. Trying to read.
2025-09-25 00:09:22,978 [Worker-11: Building] INFO  o.a.m.s.f.DefaultMavenResourcesFiltering - Copying 1 resource from src\main\resources to target\classes
2025-09-25 00:09:23,000 [Worker-11: Building] INFO  o.a.m.s.f.DefaultMavenResourcesFiltering - Copying 0 resource from src\main\resources to target\classes
2025-09-25 00:09:23,007 [Worker-11: Building] INFO  o.a.m.s.f.DefaultMavenResourcesFiltering - skip non existing resourceDirectory C:\Users\nakka\OneDrive\Desktop\cozystay\cozystay\backend\cozystay-backend\cozystay1\src\test\resources
2025-09-25 00:11:35,031 [Worker-2: Building] INFO  o.a.m.s.f.DefaultMavenResourcesFiltering - Copying 1 resource from src\main\resources to target\classes
2025-09-25 00:11:35,042 [Worker-2: Building] INFO  o.a.m.s.f.DefaultMavenResourcesFiltering - Copying 0 resource from src\main\resources to target\classes
2025-09-25 00:11:35,046 [Worker-2: Building] INFO  o.a.m.s.f.DefaultMavenResourcesFiltering - skip non existing resourceDirectory C:\Users\nakka\OneDrive\Desktop\cozystay\cozystay\backend\cozystay-backend\cozystay1\src\test\resources
2025-09-25 00:12:17,696 [Worker-10: Building] INFO  o.a.m.s.f.DefaultMavenResourcesFiltering - Copying 1 resource from src\main\resources to target\classes
2025-09-25 00:12:17,719 [Worker-10: Building] INFO  o.a.m.s.f.DefaultMavenResourcesFiltering - Copying 0 resource from src\main\resources to target\classes
2025-09-25 00:12:17,726 [Worker-10: Building] INFO  o.a.m.s.f.DefaultMavenResourcesFiltering - skip non existing resourceDirectory C:\Users\nakka\OneDrive\Desktop\cozystay\cozystay\backend\cozystay-backend\cozystay1\src\test\resources
2025-09-25 07:21:17,067 [Worker-5: Loading available Gradle versions] INFO  o.e.b.c.i.u.g.PublishedGradleVersions - Gradle version information cache is up-to-date. Trying to read.
2025-09-25 08:01:19,987 [Worker-9: Building] INFO  o.a.m.s.f.DefaultMavenResourcesFiltering - Copying 1 resource from src\main\resources to target\classes
2025-09-25 08:01:20,062 [Worker-9: Building] INFO  o.a.m.s.f.DefaultMavenResourcesFiltering - Copying 0 resource from src\main\resources to target\classes
2025-09-25 08:01:20,069 [Worker-9: Building] INFO  o.a.m.s.f.DefaultMavenResourcesFiltering - skip non existing resourceDirectory C:\Users\nakka\OneDrive\Desktop\cozystay\cozystay\backend\cozystay-backend\cozystay1\src\test\resources
2025-09-25 08:02:52,661 [Worker-8: Building] INFO  o.a.m.s.f.DefaultMavenResourcesFiltering - Copying 1 resource from src\main\resources to target\classes
2025-09-25 08:02:52,672 [Worker-8: Building] INFO  o.a.m.s.f.DefaultMavenResourcesFiltering - Copying 0 resource from src\main\resources to target\classes
2025-09-25 08:02:52,677 [Worker-8: Building] INFO  o.a.m.s.f.DefaultMavenResourcesFiltering - skip non existing resourceDirectory C:\Users\nakka\OneDrive\Desktop\cozystay\cozystay\backend\cozystay-backend\cozystay1\src\test\resources
2025-09-25 08:04:16,617 [Worker-12: Building] INFO  o.a.m.s.f.DefaultMavenResourcesFiltering - Copying 1 resource from src\main\resources to target\classes
2025-09-25 08:04:16,624 [Worker-12: Building] INFO  o.a.m.s.f.DefaultMavenResourcesFiltering - Copying 0 resource from src\main\resources to target\classes
2025-09-25 08:04:16,628 [Worker-12: Building] INFO  o.a.m.s.f.DefaultMavenResourcesFiltering - skip non existing resourceDirectory C:\Users\nakka\OneDrive\Desktop\cozystay\cozystay\backend\cozystay-backend\cozystay1\src\test\resources
2025-09-25 08:32:26,582 [Worker-6: Building] INFO  o.a.m.s.f.DefaultMavenResourcesFiltering - Copying 1 resource from src\main\resources to target\classes
2025-09-25 08:32:26,658 [Worker-6: Building] INFO  o.a.m.s.f.DefaultMavenResourcesFiltering - Copying 0 resource from src\main\resources to target\classes
2025-09-25 08:32:26,666 [Worker-6: Building] INFO  o.a.m.s.f.DefaultMavenResourcesFiltering - skip non existing resourceDirectory C:\Users\nakka\OneDrive\Desktop\cozystay\cozystay\backend\cozystay-backend\cozystay1\src\test\resources
2025-09-25 11:20:32,874 [Worker-11: Launching Executing install in C__Users_nakka_OneDrive_Desktop_cozystay_cozystay_backend_cozystay-backend_cozystay1] INFO  o.eclipse.m2e.core.internal.Bundles - getClasspathEntries(Bundle=org.eclipse.m2e.maven.runtime_3.9.900.20240824-1409 [364])
2025-09-25 11:20:32,880 [Worker-11: Launching Executing install in C__Users_nakka_OneDrive_Desktop_cozystay_cozystay_backend_cozystay-backend_cozystay1] INFO  o.eclipse.m2e.core.internal.Bundles - 	Entry: C:\Users\nakka\OneDrive\Desktop\spring\sts-4.28.0.RELEASE\plugins\org.eclipse.m2e.maven.runtime_3.9.900.20240824-1409
2025-09-25 11:20:32,881 [Worker-11: Launching Executing install in C__Users_nakka_OneDrive_Desktop_cozystay_cozystay_backend_cozystay-backend_cozystay1] INFO  o.eclipse.m2e.core.internal.Bundles - 	Entry: C:\Users\nakka\OneDrive\Desktop\spring\sts-4.28.0.RELEASE\plugins\org.eclipse.m2e.maven.runtime_3.9.900.20240824-1409\jars\aopalliance-1.0.jar
2025-09-25 11:20:32,881 [Worker-11: Launching Executing install in C__Users_nakka_OneDrive_Desktop_cozystay_cozystay_backend_cozystay-backend_cozystay1] INFO  o.eclipse.m2e.core.internal.Bundles - 	Entry: C:\Users\nakka\OneDrive\Desktop\spring\sts-4.28.0.RELEASE\plugins\org.eclipse.m2e.maven.runtime_3.9.900.20240824-1409\jars\guice-5.1.0.jar
2025-09-25 11:20:32,881 [Worker-11: Launching Executing install in C__Users_nakka_OneDrive_Desktop_cozystay_cozystay_backend_cozystay-backend_cozystay1] INFO  o.eclipse.m2e.core.internal.Bundles - 	Entry: C:\Users\nakka\OneDrive\Desktop\spring\sts-4.28.0.RELEASE\plugins\org.eclipse.m2e.maven.runtime_3.9.900.20240824-1409\jars\httpclient-4.5.14.jar
2025-09-25 11:20:32,881 [Worker-11: Launching Executing install in C__Users_nakka_OneDrive_Desktop_cozystay_cozystay_backend_cozystay-backend_cozystay1] INFO  o.eclipse.m2e.core.internal.Bundles - 	Entry: C:\Users\nakka\OneDrive\Desktop\spring\sts-4.28.0.RELEASE\plugins\org.eclipse.m2e.maven.runtime_3.9.900.20240824-1409\jars\httpcore-4.4.16.jar
2025-09-25 11:20:32,882 [Worker-11: Launching Executing install in C__Users_nakka_OneDrive_Desktop_cozystay_cozystay_backend_cozystay-backend_cozystay1] INFO  o.eclipse.m2e.core.internal.Bundles - 	Entry: C:\Users\nakka\OneDrive\Desktop\spring\sts-4.28.0.RELEASE\plugins\org.eclipse.m2e.maven.runtime_3.9.900.20240824-1409\jars\jansi-2.4.1.jar
2025-09-25 11:20:32,882 [Worker-11: Launching Executing install in C__Users_nakka_OneDrive_Desktop_cozystay_cozystay_backend_cozystay-backend_cozystay1] INFO  o.eclipse.m2e.core.internal.Bundles - 	Entry: C:\Users\nakka\OneDrive\Desktop\spring\sts-4.28.0.RELEASE\plugins\org.eclipse.m2e.maven.runtime_3.9.900.20240824-1409\jars\jcl-over-slf4j-1.7.36.jar
2025-09-25 11:20:32,882 [Worker-11: Launching Executing install in C__Users_nakka_OneDrive_Desktop_cozystay_cozystay_backend_cozystay-backend_cozystay1] INFO  o.eclipse.m2e.core.internal.Bundles - 	Entry: C:\Users\nakka\OneDrive\Desktop\spring\sts-4.28.0.RELEASE\plugins\org.eclipse.m2e.maven.runtime_3.9.900.20240824-1409\jars\maven-artifact-3.9.9.jar
2025-09-25 11:20:32,882 [Worker-11: Launching Executing install in C__Users_nakka_OneDrive_Desktop_cozystay_cozystay_backend_cozystay-backend_cozystay1] INFO  o.eclipse.m2e.core.internal.Bundles - 	Entry: C:\Users\nakka\OneDrive\Desktop\spring\sts-4.28.0.RELEASE\plugins\org.eclipse.m2e.maven.runtime_3.9.900.20240824-1409\jars\maven-builder-support-3.9.9.jar
2025-09-25 11:20:32,882 [Worker-11: Launching Executing install in C__Users_nakka_OneDrive_Desktop_cozystay_cozystay_backend_cozystay-backend_cozystay1] INFO  o.eclipse.m2e.core.internal.Bundles - 	Entry: C:\Users\nakka\OneDrive\Desktop\spring\sts-4.28.0.RELEASE\plugins\org.eclipse.m2e.maven.runtime_3.9.900.20240824-1409\jars\maven-compat-3.9.9.jar
2025-09-25 11:20:32,882 [Worker-11: Launching Executing install in C__Users_nakka_OneDrive_Desktop_cozystay_cozystay_backend_cozystay-backend_cozystay1] INFO  o.eclipse.m2e.core.internal.Bundles - 	Entry: C:\Users\nakka\OneDrive\Desktop\spring\sts-4.28.0.RELEASE\plugins\org.eclipse.m2e.maven.runtime_3.9.900.20240824-1409\jars\maven-core-3.9.9.jar
2025-09-25 11:20:32,883 [Worker-11: Launching Executing install in C__Users_nakka_OneDrive_Desktop_cozystay_cozystay_backend_cozystay-backend_cozystay1] INFO  o.eclipse.m2e.core.internal.Bundles - 	Entry: C:\Users\nakka\OneDrive\Desktop\spring\sts-4.28.0.RELEASE\plugins\org.eclipse.m2e.maven.runtime_3.9.900.20240824-1409\jars\maven-embedder-3.9.9.jar
2025-09-25 11:20:32,883 [Worker-11: Launching Executing install in C__Users_nakka_OneDrive_Desktop_cozystay_cozystay_backend_cozystay-backend_cozystay1] INFO  o.eclipse.m2e.core.internal.Bundles - 	Entry: C:\Users\nakka\OneDrive\Desktop\spring\sts-4.28.0.RELEASE\plugins\org.eclipse.m2e.maven.runtime_3.9.900.20240824-1409\jars\maven-model-3.9.9.jar
2025-09-25 11:20:32,883 [Worker-11: Launching Executing install in C__Users_nakka_OneDrive_Desktop_cozystay_cozystay_backend_cozystay-backend_cozystay1] INFO  o.eclipse.m2e.core.internal.Bundles - 	Entry: C:\Users\nakka\OneDrive\Desktop\spring\sts-4.28.0.RELEASE\plugins\org.eclipse.m2e.maven.runtime_3.9.900.20240824-1409\jars\maven-model-builder-3.9.9.jar
2025-09-25 11:20:32,883 [Worker-11: Launching Executing install in C__Users_nakka_OneDrive_Desktop_cozystay_cozystay_backend_cozystay-backend_cozystay1] INFO  o.eclipse.m2e.core.internal.Bundles - 	Entry: C:\Users\nakka\OneDrive\Desktop\spring\sts-4.28.0.RELEASE\plugins\org.eclipse.m2e.maven.runtime_3.9.900.20240824-1409\jars\maven-plugin-api-3.9.9.jar
2025-09-25 11:20:32,883 [Worker-11: Launching Executing install in C__Users_nakka_OneDrive_Desktop_cozystay_cozystay_backend_cozystay-backend_cozystay1] INFO  o.eclipse.m2e.core.internal.Bundles - 	Entry: C:\Users\nakka\OneDrive\Desktop\spring\sts-4.28.0.RELEASE\plugins\org.eclipse.m2e.maven.runtime_3.9.900.20240824-1409\jars\maven-repository-metadata-3.9.9.jar
2025-09-25 11:20:32,884 [Worker-11: Launching Executing install in C__Users_nakka_OneDrive_Desktop_cozystay_cozystay_backend_cozystay-backend_cozystay1] INFO  o.eclipse.m2e.core.internal.Bundles - 	Entry: C:\Users\nakka\OneDrive\Desktop\spring\sts-4.28.0.RELEASE\plugins\org.eclipse.m2e.maven.runtime_3.9.900.20240824-1409\jars\maven-resolver-api-1.9.22.jar
2025-09-25 11:20:32,884 [Worker-11: Launching Executing install in C__Users_nakka_OneDrive_Desktop_cozystay_cozystay_backend_cozystay-backend_cozystay1] INFO  o.eclipse.m2e.core.internal.Bundles - 	Entry: C:\Users\nakka\OneDrive\Desktop\spring\sts-4.28.0.RELEASE\plugins\org.eclipse.m2e.maven.runtime_3.9.900.20240824-1409\jars\maven-resolver-connector-basic-1.9.22.jar
2025-09-25 11:20:32,884 [Worker-11: Launching Executing install in C__Users_nakka_OneDrive_Desktop_cozystay_cozystay_backend_cozystay-backend_cozystay1] INFO  o.eclipse.m2e.core.internal.Bundles - 	Entry: C:\Users\nakka\OneDrive\Desktop\spring\sts-4.28.0.RELEASE\plugins\org.eclipse.m2e.maven.runtime_3.9.900.20240824-1409\jars\maven-resolver-impl-1.9.22.jar
2025-09-25 11:20:32,884 [Worker-11: Launching Executing install in C__Users_nakka_OneDrive_Desktop_cozystay_cozystay_backend_cozystay-backend_cozystay1] INFO  o.eclipse.m2e.core.internal.Bundles - 	Entry: C:\Users\nakka\OneDrive\Desktop\spring\sts-4.28.0.RELEASE\plugins\org.eclipse.m2e.maven.runtime_3.9.900.20240824-1409\jars\maven-resolver-named-locks-1.9.22.jar
2025-09-25 11:20:32,884 [Worker-11: Launching Executing install in C__Users_nakka_OneDrive_Desktop_cozystay_cozystay_backend_cozystay-backend_cozystay1] INFO  o.eclipse.m2e.core.internal.Bundles - 	Entry: C:\Users\nakka\OneDrive\Desktop\spring\sts-4.28.0.RELEASE\plugins\org.eclipse.m2e.maven.runtime_3.9.900.20240824-1409\jars\maven-resolver-provider-3.9.9.jar
2025-09-25 11:20:32,885 [Worker-11: Launching Executing install in C__Users_nakka_OneDrive_Desktop_cozystay_cozystay_backend_cozystay-backend_cozystay1] INFO  o.eclipse.m2e.core.internal.Bundles - 	Entry: C:\Users\nakka\OneDrive\Desktop\spring\sts-4.28.0.RELEASE\plugins\org.eclipse.m2e.maven.runtime_3.9.900.20240824-1409\jars\maven-resolver-spi-1.9.22.jar
2025-09-25 11:20:32,885 [Worker-11: Launching Executing install in C__Users_nakka_OneDrive_Desktop_cozystay_cozystay_backend_cozystay-backend_cozystay1] INFO  o.eclipse.m2e.core.internal.Bundles - 	Entry: C:\Users\nakka\OneDrive\Desktop\spring\sts-4.28.0.RELEASE\plugins\org.eclipse.m2e.maven.runtime_3.9.900.20240824-1409\jars\maven-resolver-transport-file-1.9.22.jar
2025-09-25 11:20:32,885 [Worker-11: Launching Executing install in C__Users_nakka_OneDrive_Desktop_cozystay_cozystay_backend_cozystay-backend_cozystay1] INFO  o.eclipse.m2e.core.internal.Bundles - 	Entry: C:\Users\nakka\OneDrive\Desktop\spring\sts-4.28.0.RELEASE\plugins\org.eclipse.m2e.maven.runtime_3.9.900.20240824-1409\jars\maven-resolver-transport-http-1.9.22.jar
2025-09-25 11:20:32,885 [Worker-11: Launching Executing install in C__Users_nakka_OneDrive_Desktop_cozystay_cozystay_backend_cozystay-backend_cozystay1] INFO  o.eclipse.m2e.core.internal.Bundles - 	Entry: C:\Users\nakka\OneDrive\Desktop\spring\sts-4.28.0.RELEASE\plugins\org.eclipse.m2e.maven.runtime_3.9.900.20240824-1409\jars\maven-resolver-transport-wagon-1.9.22.jar
2025-09-25 11:20:32,885 [Worker-11: Launching Executing install in C__Users_nakka_OneDrive_Desktop_cozystay_cozystay_backend_cozystay-backend_cozystay1] INFO  o.eclipse.m2e.core.internal.Bundles - 	Entry: C:\Users\nakka\OneDrive\Desktop\spring\sts-4.28.0.RELEASE\plugins\org.eclipse.m2e.maven.runtime_3.9.900.20240824-1409\jars\maven-resolver-util-1.9.22.jar
2025-09-25 11:20:32,885 [Worker-11: Launching Executing install in C__Users_nakka_OneDrive_Desktop_cozystay_cozystay_backend_cozystay-backend_cozystay1] INFO  o.eclipse.m2e.core.internal.Bundles - 	Entry: C:\Users\nakka\OneDrive\Desktop\spring\sts-4.28.0.RELEASE\plugins\org.eclipse.m2e.maven.runtime_3.9.900.20240824-1409\jars\maven-settings-3.9.9.jar
2025-09-25 11:20:32,885 [Worker-11: Launching Executing install in C__Users_nakka_OneDrive_Desktop_cozystay_cozystay_backend_cozystay-backend_cozystay1] INFO  o.eclipse.m2e.core.internal.Bundles - 	Entry: C:\Users\nakka\OneDrive\Desktop\spring\sts-4.28.0.RELEASE\plugins\org.eclipse.m2e.maven.runtime_3.9.900.20240824-1409\jars\maven-settings-builder-3.9.9.jar
2025-09-25 11:20:32,886 [Worker-11: Launching Executing install in C__Users_nakka_OneDrive_Desktop_cozystay_cozystay_backend_cozystay-backend_cozystay1] INFO  o.eclipse.m2e.core.internal.Bundles - 	Entry: C:\Users\nakka\OneDrive\Desktop\spring\sts-4.28.0.RELEASE\plugins\org.eclipse.m2e.maven.runtime_3.9.900.20240824-1409\jars\maven-shared-utils-3.4.2.jar
2025-09-25 11:20:32,886 [Worker-11: Launching Executing install in C__Users_nakka_OneDrive_Desktop_cozystay_cozystay_backend_cozystay-backend_cozystay1] INFO  o.eclipse.m2e.core.internal.Bundles - 	Entry: C:\Users\nakka\OneDrive\Desktop\spring\sts-4.28.0.RELEASE\plugins\org.eclipse.m2e.maven.runtime_3.9.900.20240824-1409\jars\org.eclipse.sisu.inject-0.9.0.M3.jar
2025-09-25 11:20:32,886 [Worker-11: Launching Executing install in C__Users_nakka_OneDrive_Desktop_cozystay_cozystay_backend_cozystay-backend_cozystay1] INFO  o.eclipse.m2e.core.internal.Bundles - 	Entry: C:\Users\nakka\OneDrive\Desktop\spring\sts-4.28.0.RELEASE\plugins\org.eclipse.m2e.maven.runtime_3.9.900.20240824-1409\jars\org.eclipse.sisu.plexus-0.9.0.M3.jar
2025-09-25 11:20:32,887 [Worker-11: Launching Executing install in C__Users_nakka_OneDrive_Desktop_cozystay_cozystay_backend_cozystay-backend_cozystay1] INFO  o.eclipse.m2e.core.internal.Bundles - 	Entry: C:\Users\nakka\OneDrive\Desktop\spring\sts-4.28.0.RELEASE\plugins\org.eclipse.m2e.maven.runtime_3.9.900.20240824-1409\jars\plexus-build-api-0.0.7.jar
2025-09-25 11:20:32,887 [Worker-11: Launching Executing install in C__Users_nakka_OneDrive_Desktop_cozystay_cozystay_backend_cozystay-backend_cozystay1] INFO  o.eclipse.m2e.core.internal.Bundles - 	Entry: C:\Users\nakka\OneDrive\Desktop\spring\sts-4.28.0.RELEASE\plugins\org.eclipse.m2e.maven.runtime_3.9.900.20240824-1409\jars\plexus-build-api-1.2.0.jar
2025-09-25 11:20:32,887 [Worker-11: Launching Executing install in C__Users_nakka_OneDrive_Desktop_cozystay_cozystay_backend_cozystay-backend_cozystay1] INFO  o.eclipse.m2e.core.internal.Bundles - 	Entry: C:\Users\nakka\OneDrive\Desktop\spring\sts-4.28.0.RELEASE\plugins\org.eclipse.m2e.maven.runtime_3.9.900.20240824-1409\jars\plexus-cipher-2.0.jar
2025-09-25 11:20:32,887 [Worker-11: Launching Executing install in C__Users_nakka_OneDrive_Desktop_cozystay_cozystay_backend_cozystay-backend_cozystay1] INFO  o.eclipse.m2e.core.internal.Bundles - 	Entry: C:\Users\nakka\OneDrive\Desktop\spring\sts-4.28.0.RELEASE\plugins\org.eclipse.m2e.maven.runtime_3.9.900.20240824-1409\jars\plexus-classworlds-2.8.0.jar
2025-09-25 11:20:32,887 [Worker-11: Launching Executing install in C__Users_nakka_OneDrive_Desktop_cozystay_cozystay_backend_cozystay-backend_cozystay1] INFO  o.eclipse.m2e.core.internal.Bundles - 	Entry: C:\Users\nakka\OneDrive\Desktop\spring\sts-4.28.0.RELEASE\plugins\org.eclipse.m2e.maven.runtime_3.9.900.20240824-1409\jars\plexus-component-annotations-2.1.0.jar
2025-09-25 11:20:32,887 [Worker-11: Launching Executing install in C__Users_nakka_OneDrive_Desktop_cozystay_cozystay_backend_cozystay-backend_cozystay1] INFO  o.eclipse.m2e.core.internal.Bundles - 	Entry: C:\Users\nakka\OneDrive\Desktop\spring\sts-4.28.0.RELEASE\plugins\org.eclipse.m2e.maven.runtime_3.9.900.20240824-1409\jars\plexus-interpolation-1.27.jar
2025-09-25 11:20:32,887 [Worker-11: Launching Executing install in C__Users_nakka_OneDrive_Desktop_cozystay_cozystay_backend_cozystay-backend_cozystay1] INFO  o.eclipse.m2e.core.internal.Bundles - 	Entry: C:\Users\nakka\OneDrive\Desktop\spring\sts-4.28.0.RELEASE\plugins\org.eclipse.m2e.maven.runtime_3.9.900.20240824-1409\jars\plexus-sec-dispatcher-2.0.jar
2025-09-25 11:20:32,887 [Worker-11: Launching Executing install in C__Users_nakka_OneDrive_Desktop_cozystay_cozystay_backend_cozystay-backend_cozystay1] INFO  o.eclipse.m2e.core.internal.Bundles - 	Entry: C:\Users\nakka\OneDrive\Desktop\spring\sts-4.28.0.RELEASE\plugins\org.eclipse.m2e.maven.runtime_3.9.900.20240824-1409\jars\plexus-utils-3.5.1.jar
2025-09-25 11:20:32,888 [Worker-11: Launching Executing install in C__Users_nakka_OneDrive_Desktop_cozystay_cozystay_backend_cozystay-backend_cozystay1] INFO  o.eclipse.m2e.core.internal.Bundles - 	Entry: C:\Users\nakka\OneDrive\Desktop\spring\sts-4.28.0.RELEASE\plugins\org.eclipse.m2e.maven.runtime_3.9.900.20240824-1409\jars\plexus-xml-3.0.1.jar
2025-09-25 11:20:32,888 [Worker-11: Launching Executing install in C__Users_nakka_OneDrive_Desktop_cozystay_cozystay_backend_cozystay-backend_cozystay1] INFO  o.eclipse.m2e.core.internal.Bundles - 	Entry: C:\Users\nakka\OneDrive\Desktop\spring\sts-4.28.0.RELEASE\plugins\org.eclipse.m2e.maven.runtime_3.9.900.20240824-1409\jars\wagon-file-3.5.3.jar
2025-09-25 11:20:32,888 [Worker-11: Launching Executing install in C__Users_nakka_OneDrive_Desktop_cozystay_cozystay_backend_cozystay-backend_cozystay1] INFO  o.eclipse.m2e.core.internal.Bundles - 	Entry: C:\Users\nakka\OneDrive\Desktop\spring\sts-4.28.0.RELEASE\plugins\org.eclipse.m2e.maven.runtime_3.9.900.20240824-1409\jars\wagon-http-3.5.3.jar
2025-09-25 11:20:32,888 [Worker-11: Launching Executing install in C__Users_nakka_OneDrive_Desktop_cozystay_cozystay_backend_cozystay-backend_cozystay1] INFO  o.eclipse.m2e.core.internal.Bundles - 	Entry: C:\Users\nakka\OneDrive\Desktop\spring\sts-4.28.0.RELEASE\plugins\org.eclipse.m2e.maven.runtime_3.9.900.20240824-1409\jars\wagon-http-shared-3.5.3.jar
2025-09-25 11:20:32,888 [Worker-11: Launching Executing install in C__Users_nakka_OneDrive_Desktop_cozystay_cozystay_backend_cozystay-backend_cozystay1] INFO  o.eclipse.m2e.core.internal.Bundles - 	Entry: C:\Users\nakka\OneDrive\Desktop\spring\sts-4.28.0.RELEASE\plugins\org.eclipse.m2e.maven.runtime_3.9.900.20240824-1409\jars\wagon-provider-api-3.5.3.jar
2025-09-25 11:20:32,889 [Worker-11: Launching Executing install in C__Users_nakka_OneDrive_Desktop_cozystay_cozystay_backend_cozystay-backend_cozystay1] INFO  o.eclipse.m2e.core.internal.Bundles - getClasspathEntries(Bundle=com.google.guava_33.3.1.jre [29])
2025-09-25 11:20:32,889 [Worker-11: Launching Executing install in C__Users_nakka_OneDrive_Desktop_cozystay_cozystay_backend_cozystay-backend_cozystay1] INFO  o.eclipse.m2e.core.internal.Bundles - 	Entry: C:\Users\nakka\OneDrive\Desktop\spring\sts-4.28.0.RELEASE\plugins\com.google.guava_33.3.1.jre.jar
2025-09-25 11:20:32,889 [Worker-11: Launching Executing install in C__Users_nakka_OneDrive_Desktop_cozystay_cozystay_backend_cozystay-backend_cozystay1] INFO  o.eclipse.m2e.core.internal.Bundles - getClasspathEntries(Bundle=slf4j.api_2.0.16 [615])
2025-09-25 11:20:32,890 [Worker-11: Launching Executing install in C__Users_nakka_OneDrive_Desktop_cozystay_cozystay_backend_cozystay-backend_cozystay1] INFO  o.eclipse.m2e.core.internal.Bundles - 	Entry: C:\Users\nakka\OneDrive\Desktop\spring\sts-4.28.0.RELEASE\plugins\slf4j.api_2.0.16.jar
2025-09-25 11:20:32,890 [Worker-11: Launching Executing install in C__Users_nakka_OneDrive_Desktop_cozystay_cozystay_backend_cozystay-backend_cozystay1] INFO  o.eclipse.m2e.core.internal.Bundles - getClasspathEntries(Bundle=jakarta.inject.jakarta.inject-api_1.0.5 [45])
2025-09-25 11:20:32,890 [Worker-11: Launching Executing install in C__Users_nakka_OneDrive_Desktop_cozystay_cozystay_backend_cozystay-backend_cozystay1] INFO  o.eclipse.m2e.core.internal.Bundles - 	Entry: C:\Users\nakka\OneDrive\Desktop\spring\sts-4.28.0.RELEASE\plugins\jakarta.inject.jakarta.inject-api_1.0.5.jar
2025-09-25 11:20:32,890 [Worker-11: Launching Executing install in C__Users_nakka_OneDrive_Desktop_cozystay_cozystay_backend_cozystay-backend_cozystay1] INFO  o.eclipse.m2e.core.internal.Bundles - getClasspathEntries(Bundle=jakarta.annotation-api_1.3.5 [41])
2025-09-25 11:20:32,891 [Worker-11: Launching Executing install in C__Users_nakka_OneDrive_Desktop_cozystay_cozystay_backend_cozystay-backend_cozystay1] INFO  o.eclipse.m2e.core.internal.Bundles - 	Entry: C:\Users\nakka\OneDrive\Desktop\spring\sts-4.28.0.RELEASE\plugins\jakarta.annotation-api_1.3.5.jar
2025-09-25 11:20:32,892 [Worker-11: Launching Executing install in C__Users_nakka_OneDrive_Desktop_cozystay_cozystay_backend_cozystay-backend_cozystay1] INFO  o.eclipse.m2e.core.internal.Bundles - getClasspathEntries(Bundle=org.apache.commons.cli_1.9.0 [78])
2025-09-25 11:20:32,894 [Worker-11: Launching Executing install in C__Users_nakka_OneDrive_Desktop_cozystay_cozystay_backend_cozystay-backend_cozystay1] INFO  o.eclipse.m2e.core.internal.Bundles - 	Entry: C:\Users\nakka\OneDrive\Desktop\spring\sts-4.28.0.RELEASE\plugins\org.apache.commons.cli_1.9.0.jar
2025-09-25 11:20:32,894 [Worker-11: Launching Executing install in C__Users_nakka_OneDrive_Desktop_cozystay_cozystay_backend_cozystay-backend_cozystay1] INFO  o.eclipse.m2e.core.internal.Bundles - getClasspathEntries(Bundle=org.apache.commons.commons-codec_1.16.0 [81])
2025-09-25 11:20:32,894 [Worker-11: Launching Executing install in C__Users_nakka_OneDrive_Desktop_cozystay_cozystay_backend_cozystay-backend_cozystay1] INFO  o.eclipse.m2e.core.internal.Bundles - 	Entry: C:\Users\nakka\OneDrive\Desktop\spring\sts-4.28.0.RELEASE\plugins\org.apache.commons.commons-codec_1.16.0.jar
2025-09-25 11:20:32,894 [Worker-11: Launching Executing install in C__Users_nakka_OneDrive_Desktop_cozystay_cozystay_backend_cozystay-backend_cozystay1] INFO  o.eclipse.m2e.core.internal.Bundles - getClasspathEntries(Bundle=com.google.guava.failureaccess_1.0.2 [30])
2025-09-25 11:20:32,896 [Worker-11: Launching Executing install in C__Users_nakka_OneDrive_Desktop_cozystay_cozystay_backend_cozystay-backend_cozystay1] INFO  o.eclipse.m2e.core.internal.Bundles - 	Entry: C:\Users\nakka\OneDrive\Desktop\spring\sts-4.28.0.RELEASE\plugins\com.google.guava.failureaccess_1.0.2.jar
2025-09-25 11:20:32,901 [Worker-11: Launching Executing install in C__Users_nakka_OneDrive_Desktop_cozystay_cozystay_backend_cozystay-backend_cozystay1] INFO  o.e.m.i.launch.MavenLaunchDelegate - Run build in "C:\Users\nakka\OneDrive\Desktop\cozystay\cozystay\backend\cozystay-backend\cozystay1":
2025-09-25 11:20:32,904 [Worker-11: Launching Executing install in C__Users_nakka_OneDrive_Desktop_cozystay_cozystay_backend_cozystay-backend_cozystay1] INFO  o.e.m.i.launch.MavenLaunchDelegate -  mvn  -Ppom.xml -B -Dstyle.color=always install
2025-09-25 11:25:06,723 [Worker-17: Building] INFO  o.e.m.c.i.l.LifecycleMappingFactory - Using org.eclipse.m2e.jdt.JarLifecycleMapping lifecycle mapping for MavenProject: com.cozystay:cozystay-backend:1.0.0 @ C:\Users\nakka\OneDrive\Desktop\cozystay\cozystay\backend\cozystay-backend\cozystay1\pom.xml.
2025-09-25 11:25:07,919 [Worker-17: Building] INFO  o.a.m.s.f.DefaultMavenResourcesFiltering - Copying 0 resource from src\main\resources to target\classes
2025-09-25 11:25:07,921 [Worker-17: Building] INFO  o.a.m.s.f.DefaultMavenResourcesFiltering - Copying 0 resource from src\main\resources to target\classes
2025-09-25 11:25:07,932 [Worker-17: Building] INFO  o.a.m.s.f.DefaultMavenResourcesFiltering - skip non existing resourceDirectory C:\Users\nakka\OneDrive\Desktop\cozystay\cozystay\backend\cozystay-backend\cozystay1\src\test\resources
2025-09-25 11:38:47,142 [Worker-18: Building] INFO  o.a.m.s.f.DefaultMavenResourcesFiltering - Copying 1 resource from src\main\resources to target\classes
2025-09-25 11:38:47,163 [Worker-18: Building] INFO  o.a.m.s.f.DefaultMavenResourcesFiltering - Copying 0 resource from src\main\resources to target\classes
2025-09-25 11:38:47,167 [Worker-18: Building] INFO  o.a.m.s.f.DefaultMavenResourcesFiltering - skip non existing resourceDirectory C:\Users\nakka\OneDrive\Desktop\cozystay\cozystay\backend\cozystay-backend\cozystay1\src\test\resources
2025-09-25 11:39:25,141 [Worker-17: Building] INFO  o.a.m.s.f.DefaultMavenResourcesFiltering - Copying 0 resource from src\main\resources to target\classes
2025-09-25 11:39:25,143 [Worker-17: Building] INFO  o.a.m.s.f.DefaultMavenResourcesFiltering - Copying 0 resource from src\main\resources to target\classes
2025-09-25 11:39:25,148 [Worker-17: Building] INFO  o.a.m.s.f.DefaultMavenResourcesFiltering - skip non existing resourceDirectory C:\Users\nakka\OneDrive\Desktop\cozystay\cozystay\backend\cozystay-backend\cozystay1\src\test\resources
2025-09-25 11:39:40,512 [Worker-16: Launching Executing install in C__Users_nakka_OneDrive_Desktop_cozystay_cozystay_backend_cozystay-backend_cozystay1] INFO  o.eclipse.m2e.core.internal.Bundles - getClasspathEntries(Bundle=org.eclipse.m2e.maven.runtime_3.9.900.20240824-1409 [364])
2025-09-25 11:39:40,513 [Worker-16: Launching Executing install in C__Users_nakka_OneDrive_Desktop_cozystay_cozystay_backend_cozystay-backend_cozystay1] INFO  o.eclipse.m2e.core.internal.Bundles - 	Entry: C:\Users\nakka\OneDrive\Desktop\spring\sts-4.28.0.RELEASE\plugins\org.eclipse.m2e.maven.runtime_3.9.900.20240824-1409
2025-09-25 11:39:40,514 [Worker-16: Launching Executing install in C__Users_nakka_OneDrive_Desktop_cozystay_cozystay_backend_cozystay-backend_cozystay1] INFO  o.eclipse.m2e.core.internal.Bundles - 	Entry: C:\Users\nakka\OneDrive\Desktop\spring\sts-4.28.0.RELEASE\plugins\org.eclipse.m2e.maven.runtime_3.9.900.20240824-1409\jars\aopalliance-1.0.jar
2025-09-25 11:39:40,515 [Worker-16: Launching Executing install in C__Users_nakka_OneDrive_Desktop_cozystay_cozystay_backend_cozystay-backend_cozystay1] INFO  o.eclipse.m2e.core.internal.Bundles - 	Entry: C:\Users\nakka\OneDrive\Desktop\spring\sts-4.28.0.RELEASE\plugins\org.eclipse.m2e.maven.runtime_3.9.900.20240824-1409\jars\guice-5.1.0.jar
2025-09-25 11:39:40,515 [Worker-16: Launching Executing install in C__Users_nakka_OneDrive_Desktop_cozystay_cozystay_backend_cozystay-backend_cozystay1] INFO  o.eclipse.m2e.core.internal.Bundles - 	Entry: C:\Users\nakka\OneDrive\Desktop\spring\sts-4.28.0.RELEASE\plugins\org.eclipse.m2e.maven.runtime_3.9.900.20240824-1409\jars\httpclient-4.5.14.jar
2025-09-25 11:39:40,516 [Worker-16: Launching Executing install in C__Users_nakka_OneDrive_Desktop_cozystay_cozystay_backend_cozystay-backend_cozystay1] INFO  o.eclipse.m2e.core.internal.Bundles - 	Entry: C:\Users\nakka\OneDrive\Desktop\spring\sts-4.28.0.RELEASE\plugins\org.eclipse.m2e.maven.runtime_3.9.900.20240824-1409\jars\httpcore-4.4.16.jar
2025-09-25 11:39:40,516 [Worker-16: Launching Executing install in C__Users_nakka_OneDrive_Desktop_cozystay_cozystay_backend_cozystay-backend_cozystay1] INFO  o.eclipse.m2e.core.internal.Bundles - 	Entry: C:\Users\nakka\OneDrive\Desktop\spring\sts-4.28.0.RELEASE\plugins\org.eclipse.m2e.maven.runtime_3.9.900.20240824-1409\jars\jansi-2.4.1.jar
2025-09-25 11:39:40,516 [Worker-16: Launching Executing install in C__Users_nakka_OneDrive_Desktop_cozystay_cozystay_backend_cozystay-backend_cozystay1] INFO  o.eclipse.m2e.core.internal.Bundles - 	Entry: C:\Users\nakka\OneDrive\Desktop\spring\sts-4.28.0.RELEASE\plugins\org.eclipse.m2e.maven.runtime_3.9.900.20240824-1409\jars\jcl-over-slf4j-1.7.36.jar
2025-09-25 11:39:40,516 [Worker-16: Launching Executing install in C__Users_nakka_OneDrive_Desktop_cozystay_cozystay_backend_cozystay-backend_cozystay1] INFO  o.eclipse.m2e.core.internal.Bundles - 	Entry: C:\Users\nakka\OneDrive\Desktop\spring\sts-4.28.0.RELEASE\plugins\org.eclipse.m2e.maven.runtime_3.9.900.20240824-1409\jars\maven-artifact-3.9.9.jar
2025-09-25 11:39:40,516 [Worker-16: Launching Executing install in C__Users_nakka_OneDrive_Desktop_cozystay_cozystay_backend_cozystay-backend_cozystay1] INFO  o.eclipse.m2e.core.internal.Bundles - 	Entry: C:\Users\nakka\OneDrive\Desktop\spring\sts-4.28.0.RELEASE\plugins\org.eclipse.m2e.maven.runtime_3.9.900.20240824-1409\jars\maven-builder-support-3.9.9.jar
2025-09-25 11:39:40,517 [Worker-16: Launching Executing install in C__Users_nakka_OneDrive_Desktop_cozystay_cozystay_backend_cozystay-backend_cozystay1] INFO  o.eclipse.m2e.core.internal.Bundles - 	Entry: C:\Users\nakka\OneDrive\Desktop\spring\sts-4.28.0.RELEASE\plugins\org.eclipse.m2e.maven.runtime_3.9.900.20240824-1409\jars\maven-compat-3.9.9.jar
2025-09-25 11:39:40,517 [Worker-16: Launching Executing install in C__Users_nakka_OneDrive_Desktop_cozystay_cozystay_backend_cozystay-backend_cozystay1] INFO  o.eclipse.m2e.core.internal.Bundles - 	Entry: C:\Users\nakka\OneDrive\Desktop\spring\sts-4.28.0.RELEASE\plugins\org.eclipse.m2e.maven.runtime_3.9.900.20240824-1409\jars\maven-core-3.9.9.jar
2025-09-25 11:39:40,517 [Worker-16: Launching Executing install in C__Users_nakka_OneDrive_Desktop_cozystay_cozystay_backend_cozystay-backend_cozystay1] INFO  o.eclipse.m2e.core.internal.Bundles - 	Entry: C:\Users\nakka\OneDrive\Desktop\spring\sts-4.28.0.RELEASE\plugins\org.eclipse.m2e.maven.runtime_3.9.900.20240824-1409\jars\maven-embedder-3.9.9.jar
2025-09-25 11:39:40,517 [Worker-16: Launching Executing install in C__Users_nakka_OneDrive_Desktop_cozystay_cozystay_backend_cozystay-backend_cozystay1] INFO  o.eclipse.m2e.core.internal.Bundles - 	Entry: C:\Users\nakka\OneDrive\Desktop\spring\sts-4.28.0.RELEASE\plugins\org.eclipse.m2e.maven.runtime_3.9.900.20240824-1409\jars\maven-model-3.9.9.jar
2025-09-25 11:39:40,517 [Worker-16: Launching Executing install in C__Users_nakka_OneDrive_Desktop_cozystay_cozystay_backend_cozystay-backend_cozystay1] INFO  o.eclipse.m2e.core.internal.Bundles - 	Entry: C:\Users\nakka\OneDrive\Desktop\spring\sts-4.28.0.RELEASE\plugins\org.eclipse.m2e.maven.runtime_3.9.900.20240824-1409\jars\maven-model-builder-3.9.9.jar
2025-09-25 11:39:40,518 [Worker-16: Launching Executing install in C__Users_nakka_OneDrive_Desktop_cozystay_cozystay_backend_cozystay-backend_cozystay1] INFO  o.eclipse.m2e.core.internal.Bundles - 	Entry: C:\Users\nakka\OneDrive\Desktop\spring\sts-4.28.0.RELEASE\plugins\org.eclipse.m2e.maven.runtime_3.9.900.20240824-1409\jars\maven-plugin-api-3.9.9.jar
2025-09-25 11:39:40,518 [Worker-16: Launching Executing install in C__Users_nakka_OneDrive_Desktop_cozystay_cozystay_backend_cozystay-backend_cozystay1] INFO  o.eclipse.m2e.core.internal.Bundles - 	Entry: C:\Users\nakka\OneDrive\Desktop\spring\sts-4.28.0.RELEASE\plugins\org.eclipse.m2e.maven.runtime_3.9.900.20240824-1409\jars\maven-repository-metadata-3.9.9.jar
2025-09-25 11:39:40,518 [Worker-16: Launching Executing install in C__Users_nakka_OneDrive_Desktop_cozystay_cozystay_backend_cozystay-backend_cozystay1] INFO  o.eclipse.m2e.core.internal.Bundles - 	Entry: C:\Users\nakka\OneDrive\Desktop\spring\sts-4.28.0.RELEASE\plugins\org.eclipse.m2e.maven.runtime_3.9.900.20240824-1409\jars\maven-resolver-api-1.9.22.jar
2025-09-25 11:39:40,518 [Worker-16: Launching Executing install in C__Users_nakka_OneDrive_Desktop_cozystay_cozystay_backend_cozystay-backend_cozystay1] INFO  o.eclipse.m2e.core.internal.Bundles - 	Entry: C:\Users\nakka\OneDrive\Desktop\spring\sts-4.28.0.RELEASE\plugins\org.eclipse.m2e.maven.runtime_3.9.900.20240824-1409\jars\maven-resolver-connector-basic-1.9.22.jar
2025-09-25 11:39:40,518 [Worker-16: Launching Executing install in C__Users_nakka_OneDrive_Desktop_cozystay_cozystay_backend_cozystay-backend_cozystay1] INFO  o.eclipse.m2e.core.internal.Bundles - 	Entry: C:\Users\nakka\OneDrive\Desktop\spring\sts-4.28.0.RELEASE\plugins\org.eclipse.m2e.maven.runtime_3.9.900.20240824-1409\jars\maven-resolver-impl-1.9.22.jar
2025-09-25 11:39:40,518 [Worker-16: Launching Executing install in C__Users_nakka_OneDrive_Desktop_cozystay_cozystay_backend_cozystay-backend_cozystay1] INFO  o.eclipse.m2e.core.internal.Bundles - 	Entry: C:\Users\nakka\OneDrive\Desktop\spring\sts-4.28.0.RELEASE\plugins\org.eclipse.m2e.maven.runtime_3.9.900.20240824-1409\jars\maven-resolver-named-locks-1.9.22.jar
2025-09-25 11:39:40,518 [Worker-16: Launching Executing install in C__Users_nakka_OneDrive_Desktop_cozystay_cozystay_backend_cozystay-backend_cozystay1] INFO  o.eclipse.m2e.core.internal.Bundles - 	Entry: C:\Users\nakka\OneDrive\Desktop\spring\sts-4.28.0.RELEASE\plugins\org.eclipse.m2e.maven.runtime_3.9.900.20240824-1409\jars\maven-resolver-provider-3.9.9.jar
2025-09-25 11:39:40,518 [Worker-16: Launching Executing install in C__Users_nakka_OneDrive_Desktop_cozystay_cozystay_backend_cozystay-backend_cozystay1] INFO  o.eclipse.m2e.core.internal.Bundles - 	Entry: C:\Users\nakka\OneDrive\Desktop\spring\sts-4.28.0.RELEASE\plugins\org.eclipse.m2e.maven.runtime_3.9.900.20240824-1409\jars\maven-resolver-spi-1.9.22.jar
2025-09-25 11:39:40,518 [Worker-16: Launching Executing install in C__Users_nakka_OneDrive_Desktop_cozystay_cozystay_backend_cozystay-backend_cozystay1] INFO  o.eclipse.m2e.core.internal.Bundles - 	Entry: C:\Users\nakka\OneDrive\Desktop\spring\sts-4.28.0.RELEASE\plugins\org.eclipse.m2e.maven.runtime_3.9.900.20240824-1409\jars\maven-resolver-transport-file-1.9.22.jar
2025-09-25 11:39:40,518 [Worker-16: Launching Executing install in C__Users_nakka_OneDrive_Desktop_cozystay_cozystay_backend_cozystay-backend_cozystay1] INFO  o.eclipse.m2e.core.internal.Bundles - 	Entry: C:\Users\nakka\OneDrive\Desktop\spring\sts-4.28.0.RELEASE\plugins\org.eclipse.m2e.maven.runtime_3.9.900.20240824-1409\jars\maven-resolver-transport-http-1.9.22.jar
2025-09-25 11:39:40,518 [Worker-16: Launching Executing install in C__Users_nakka_OneDrive_Desktop_cozystay_cozystay_backend_cozystay-backend_cozystay1] INFO  o.eclipse.m2e.core.internal.Bundles - 	Entry: C:\Users\nakka\OneDrive\Desktop\spring\sts-4.28.0.RELEASE\plugins\org.eclipse.m2e.maven.runtime_3.9.900.20240824-1409\jars\maven-resolver-transport-wagon-1.9.22.jar
2025-09-25 11:39:40,519 [Worker-16: Launching Executing install in C__Users_nakka_OneDrive_Desktop_cozystay_cozystay_backend_cozystay-backend_cozystay1] INFO  o.eclipse.m2e.core.internal.Bundles - 	Entry: C:\Users\nakka\OneDrive\Desktop\spring\sts-4.28.0.RELEASE\plugins\org.eclipse.m2e.maven.runtime_3.9.900.20240824-1409\jars\maven-resolver-util-1.9.22.jar
2025-09-25 11:39:40,519 [Worker-16: Launching Executing install in C__Users_nakka_OneDrive_Desktop_cozystay_cozystay_backend_cozystay-backend_cozystay1] INFO  o.eclipse.m2e.core.internal.Bundles - 	Entry: C:\Users\nakka\OneDrive\Desktop\spring\sts-4.28.0.RELEASE\plugins\org.eclipse.m2e.maven.runtime_3.9.900.20240824-1409\jars\maven-settings-3.9.9.jar
2025-09-25 11:39:40,519 [Worker-16: Launching Executing install in C__Users_nakka_OneDrive_Desktop_cozystay_cozystay_backend_cozystay-backend_cozystay1] INFO  o.eclipse.m2e.core.internal.Bundles - 	Entry: C:\Users\nakka\OneDrive\Desktop\spring\sts-4.28.0.RELEASE\plugins\org.eclipse.m2e.maven.runtime_3.9.900.20240824-1409\jars\maven-settings-builder-3.9.9.jar
2025-09-25 11:39:40,519 [Worker-16: Launching Executing install in C__Users_nakka_OneDrive_Desktop_cozystay_cozystay_backend_cozystay-backend_cozystay1] INFO  o.eclipse.m2e.core.internal.Bundles - 	Entry: C:\Users\nakka\OneDrive\Desktop\spring\sts-4.28.0.RELEASE\plugins\org.eclipse.m2e.maven.runtime_3.9.900.20240824-1409\jars\maven-shared-utils-3.4.2.jar
2025-09-25 11:39:40,519 [Worker-16: Launching Executing install in C__Users_nakka_OneDrive_Desktop_cozystay_cozystay_backend_cozystay-backend_cozystay1] INFO  o.eclipse.m2e.core.internal.Bundles - 	Entry: C:\Users\nakka\OneDrive\Desktop\spring\sts-4.28.0.RELEASE\plugins\org.eclipse.m2e.maven.runtime_3.9.900.20240824-1409\jars\org.eclipse.sisu.inject-0.9.0.M3.jar
2025-09-25 11:39:40,519 [Worker-16: Launching Executing install in C__Users_nakka_OneDrive_Desktop_cozystay_cozystay_backend_cozystay-backend_cozystay1] INFO  o.eclipse.m2e.core.internal.Bundles - 	Entry: C:\Users\nakka\OneDrive\Desktop\spring\sts-4.28.0.RELEASE\plugins\org.eclipse.m2e.maven.runtime_3.9.900.20240824-1409\jars\org.eclipse.sisu.plexus-0.9.0.M3.jar
2025-09-25 11:39:40,519 [Worker-16: Launching Executing install in C__Users_nakka_OneDrive_Desktop_cozystay_cozystay_backend_cozystay-backend_cozystay1] INFO  o.eclipse.m2e.core.internal.Bundles - 	Entry: C:\Users\nakka\OneDrive\Desktop\spring\sts-4.28.0.RELEASE\plugins\org.eclipse.m2e.maven.runtime_3.9.900.20240824-1409\jars\plexus-build-api-0.0.7.jar
2025-09-25 11:39:40,519 [Worker-16: Launching Executing install in C__Users_nakka_OneDrive_Desktop_cozystay_cozystay_backend_cozystay-backend_cozystay1] INFO  o.eclipse.m2e.core.internal.Bundles - 	Entry: C:\Users\nakka\OneDrive\Desktop\spring\sts-4.28.0.RELEASE\plugins\org.eclipse.m2e.maven.runtime_3.9.900.20240824-1409\jars\plexus-build-api-1.2.0.jar
2025-09-25 11:39:40,519 [Worker-16: Launching Executing install in C__Users_nakka_OneDrive_Desktop_cozystay_cozystay_backend_cozystay-backend_cozystay1] INFO  o.eclipse.m2e.core.internal.Bundles - 	Entry: C:\Users\nakka\OneDrive\Desktop\spring\sts-4.28.0.RELEASE\plugins\org.eclipse.m2e.maven.runtime_3.9.900.20240824-1409\jars\plexus-cipher-2.0.jar
2025-09-25 11:39:40,520 [Worker-16: Launching Executing install in C__Users_nakka_OneDrive_Desktop_cozystay_cozystay_backend_cozystay-backend_cozystay1] INFO  o.eclipse.m2e.core.internal.Bundles - 	Entry: C:\Users\nakka\OneDrive\Desktop\spring\sts-4.28.0.RELEASE\plugins\org.eclipse.m2e.maven.runtime_3.9.900.20240824-1409\jars\plexus-classworlds-2.8.0.jar
2025-09-25 11:39:40,520 [Worker-16: Launching Executing install in C__Users_nakka_OneDrive_Desktop_cozystay_cozystay_backend_cozystay-backend_cozystay1] INFO  o.eclipse.m2e.core.internal.Bundles - 	Entry: C:\Users\nakka\OneDrive\Desktop\spring\sts-4.28.0.RELEASE\plugins\org.eclipse.m2e.maven.runtime_3.9.900.20240824-1409\jars\plexus-component-annotations-2.1.0.jar
2025-09-25 11:39:40,520 [Worker-16: Launching Executing install in C__Users_nakka_OneDrive_Desktop_cozystay_cozystay_backend_cozystay-backend_cozystay1] INFO  o.eclipse.m2e.core.internal.Bundles - 	Entry: C:\Users\nakka\OneDrive\Desktop\spring\sts-4.28.0.RELEASE\plugins\org.eclipse.m2e.maven.runtime_3.9.900.20240824-1409\jars\plexus-interpolation-1.27.jar
2025-09-25 11:39:40,520 [Worker-16: Launching Executing install in C__Users_nakka_OneDrive_Desktop_cozystay_cozystay_backend_cozystay-backend_cozystay1] INFO  o.eclipse.m2e.core.internal.Bundles - 	Entry: C:\Users\nakka\OneDrive\Desktop\spring\sts-4.28.0.RELEASE\plugins\org.eclipse.m2e.maven.runtime_3.9.900.20240824-1409\jars\plexus-sec-dispatcher-2.0.jar
2025-09-25 11:39:40,520 [Worker-16: Launching Executing install in C__Users_nakka_OneDrive_Desktop_cozystay_cozystay_backend_cozystay-backend_cozystay1] INFO  o.eclipse.m2e.core.internal.Bundles - 	Entry: C:\Users\nakka\OneDrive\Desktop\spring\sts-4.28.0.RELEASE\plugins\org.eclipse.m2e.maven.runtime_3.9.900.20240824-1409\jars\plexus-utils-3.5.1.jar
2025-09-25 11:39:40,520 [Worker-16: Launching Executing install in C__Users_nakka_OneDrive_Desktop_cozystay_cozystay_backend_cozystay-backend_cozystay1] INFO  o.eclipse.m2e.core.internal.Bundles - 	Entry: C:\Users\nakka\OneDrive\Desktop\spring\sts-4.28.0.RELEASE\plugins\org.eclipse.m2e.maven.runtime_3.9.900.20240824-1409\jars\plexus-xml-3.0.1.jar
2025-09-25 11:39:40,520 [Worker-16: Launching Executing install in C__Users_nakka_OneDrive_Desktop_cozystay_cozystay_backend_cozystay-backend_cozystay1] INFO  o.eclipse.m2e.core.internal.Bundles - 	Entry: C:\Users\nakka\OneDrive\Desktop\spring\sts-4.28.0.RELEASE\plugins\org.eclipse.m2e.maven.runtime_3.9.900.20240824-1409\jars\wagon-file-3.5.3.jar
2025-09-25 11:39:40,521 [Worker-16: Launching Executing install in C__Users_nakka_OneDrive_Desktop_cozystay_cozystay_backend_cozystay-backend_cozystay1] INFO  o.eclipse.m2e.core.internal.Bundles - 	Entry: C:\Users\nakka\OneDrive\Desktop\spring\sts-4.28.0.RELEASE\plugins\org.eclipse.m2e.maven.runtime_3.9.900.20240824-1409\jars\wagon-http-3.5.3.jar
2025-09-25 11:39:40,521 [Worker-16: Launching Executing install in C__Users_nakka_OneDrive_Desktop_cozystay_cozystay_backend_cozystay-backend_cozystay1] INFO  o.eclipse.m2e.core.internal.Bundles - 	Entry: C:\Users\nakka\OneDrive\Desktop\spring\sts-4.28.0.RELEASE\plugins\org.eclipse.m2e.maven.runtime_3.9.900.20240824-1409\jars\wagon-http-shared-3.5.3.jar
2025-09-25 11:39:40,521 [Worker-16: Launching Executing install in C__Users_nakka_OneDrive_Desktop_cozystay_cozystay_backend_cozystay-backend_cozystay1] INFO  o.eclipse.m2e.core.internal.Bundles - 	Entry: C:\Users\nakka\OneDrive\Desktop\spring\sts-4.28.0.RELEASE\plugins\org.eclipse.m2e.maven.runtime_3.9.900.20240824-1409\jars\wagon-provider-api-3.5.3.jar
2025-09-25 11:39:40,521 [Worker-16: Launching Executing install in C__Users_nakka_OneDrive_Desktop_cozystay_cozystay_backend_cozystay-backend_cozystay1] INFO  o.eclipse.m2e.core.internal.Bundles - getClasspathEntries(Bundle=com.google.guava_33.3.1.jre [29])
2025-09-25 11:39:40,522 [Worker-16: Launching Executing install in C__Users_nakka_OneDrive_Desktop_cozystay_cozystay_backend_cozystay-backend_cozystay1] INFO  o.eclipse.m2e.core.internal.Bundles - 	Entry: C:\Users\nakka\OneDrive\Desktop\spring\sts-4.28.0.RELEASE\plugins\com.google.guava_33.3.1.jre.jar
2025-09-25 11:39:40,522 [Worker-16: Launching Executing install in C__Users_nakka_OneDrive_Desktop_cozystay_cozystay_backend_cozystay-backend_cozystay1] INFO  o.eclipse.m2e.core.internal.Bundles - getClasspathEntries(Bundle=slf4j.api_2.0.16 [615])
2025-09-25 11:39:40,522 [Worker-16: Launching Executing install in C__Users_nakka_OneDrive_Desktop_cozystay_cozystay_backend_cozystay-backend_cozystay1] INFO  o.eclipse.m2e.core.internal.Bundles - 	Entry: C:\Users\nakka\OneDrive\Desktop\spring\sts-4.28.0.RELEASE\plugins\slf4j.api_2.0.16.jar
2025-09-25 11:39:40,522 [Worker-16: Launching Executing install in C__Users_nakka_OneDrive_Desktop_cozystay_cozystay_backend_cozystay-backend_cozystay1] INFO  o.eclipse.m2e.core.internal.Bundles - getClasspathEntries(Bundle=jakarta.inject.jakarta.inject-api_1.0.5 [45])
2025-09-25 11:39:40,523 [Worker-16: Launching Executing install in C__Users_nakka_OneDrive_Desktop_cozystay_cozystay_backend_cozystay-backend_cozystay1] INFO  o.eclipse.m2e.core.internal.Bundles - 	Entry: C:\Users\nakka\OneDrive\Desktop\spring\sts-4.28.0.RELEASE\plugins\jakarta.inject.jakarta.inject-api_1.0.5.jar
2025-09-25 11:39:40,523 [Worker-16: Launching Executing install in C__Users_nakka_OneDrive_Desktop_cozystay_cozystay_backend_cozystay-backend_cozystay1] INFO  o.eclipse.m2e.core.internal.Bundles - getClasspathEntries(Bundle=jakarta.annotation-api_1.3.5 [41])
2025-09-25 11:39:40,525 [Worker-16: Launching Executing install in C__Users_nakka_OneDrive_Desktop_cozystay_cozystay_backend_cozystay-backend_cozystay1] INFO  o.eclipse.m2e.core.internal.Bundles - 	Entry: C:\Users\nakka\OneDrive\Desktop\spring\sts-4.28.0.RELEASE\plugins\jakarta.annotation-api_1.3.5.jar
2025-09-25 11:39:40,525 [Worker-16: Launching Executing install in C__Users_nakka_OneDrive_Desktop_cozystay_cozystay_backend_cozystay-backend_cozystay1] INFO  o.eclipse.m2e.core.internal.Bundles - getClasspathEntries(Bundle=org.apache.commons.cli_1.9.0 [78])
2025-09-25 11:39:40,526 [Worker-16: Launching Executing install in C__Users_nakka_OneDrive_Desktop_cozystay_cozystay_backend_cozystay-backend_cozystay1] INFO  o.eclipse.m2e.core.internal.Bundles - 	Entry: C:\Users\nakka\OneDrive\Desktop\spring\sts-4.28.0.RELEASE\plugins\org.apache.commons.cli_1.9.0.jar
2025-09-25 11:39:40,527 [Worker-16: Launching Executing install in C__Users_nakka_OneDrive_Desktop_cozystay_cozystay_backend_cozystay-backend_cozystay1] INFO  o.eclipse.m2e.core.internal.Bundles - getClasspathEntries(Bundle=org.apache.commons.commons-codec_1.16.0 [81])
2025-09-25 11:39:40,528 [Worker-16: Launching Executing install in C__Users_nakka_OneDrive_Desktop_cozystay_cozystay_backend_cozystay-backend_cozystay1] INFO  o.eclipse.m2e.core.internal.Bundles - 	Entry: C:\Users\nakka\OneDrive\Desktop\spring\sts-4.28.0.RELEASE\plugins\org.apache.commons.commons-codec_1.16.0.jar
2025-09-25 11:39:40,528 [Worker-16: Launching Executing install in C__Users_nakka_OneDrive_Desktop_cozystay_cozystay_backend_cozystay-backend_cozystay1] INFO  o.eclipse.m2e.core.internal.Bundles - getClasspathEntries(Bundle=com.google.guava.failureaccess_1.0.2 [30])
2025-09-25 11:39:40,529 [Worker-16: Launching Executing install in C__Users_nakka_OneDrive_Desktop_cozystay_cozystay_backend_cozystay-backend_cozystay1] INFO  o.eclipse.m2e.core.internal.Bundles - 	Entry: C:\Users\nakka\OneDrive\Desktop\spring\sts-4.28.0.RELEASE\plugins\com.google.guava.failureaccess_1.0.2.jar
2025-09-25 11:39:40,532 [Worker-16: Launching Executing install in C__Users_nakka_OneDrive_Desktop_cozystay_cozystay_backend_cozystay-backend_cozystay1] INFO  o.e.m.i.launch.MavenLaunchDelegate - Run build in "C:\Users\nakka\OneDrive\Desktop\cozystay\cozystay\backend\cozystay-backend\cozystay1":
2025-09-25 11:39:40,532 [Worker-16: Launching Executing install in C__Users_nakka_OneDrive_Desktop_cozystay_cozystay_backend_cozystay-backend_cozystay1] INFO  o.e.m.i.launch.MavenLaunchDelegate -  mvn  -Ppom.xml -B -Dstyle.color=always install
2025-09-25 11:42:43,249 [Worker-17: Building] INFO  o.a.m.s.f.DefaultMavenResourcesFiltering - Copying 0 resource from src\main\resources to target\classes
2025-09-25 11:42:43,252 [Worker-17: Building] INFO  o.a.m.s.f.DefaultMavenResourcesFiltering - Copying 0 resource from src\main\resources to target\classes
2025-09-25 11:42:43,259 [Worker-17: Building] INFO  o.a.m.s.f.DefaultMavenResourcesFiltering - skip non existing resourceDirectory C:\Users\nakka\OneDrive\Desktop\cozystay\cozystay\backend\cozystay-backend\cozystay1\src\test\resources
2025-09-25 11:43:34,457 [Worker-14: Building] INFO  o.a.m.s.f.DefaultMavenResourcesFiltering - Copying 0 resource from src\main\resources to target\classes
2025-09-25 11:43:34,458 [Worker-14: Building] INFO  o.a.m.s.f.DefaultMavenResourcesFiltering - Copying 0 resource from src\main\resources to target\classes
2025-09-25 11:43:34,460 [Worker-14: Building] INFO  o.a.m.s.f.DefaultMavenResourcesFiltering - skip non existing resourceDirectory C:\Users\nakka\OneDrive\Desktop\cozystay\cozystay\backend\cozystay-backend\cozystay1\src\test\resources
2025-09-25 11:48:21,400 [Worker-16: Building] INFO  o.a.m.s.f.DefaultMavenResourcesFiltering - Copying 1 resource from src\main\resources to target\classes
2025-09-25 11:48:21,418 [Worker-16: Building] INFO  o.a.m.s.f.DefaultMavenResourcesFiltering - Copying 0 resource from src\main\resources to target\classes
2025-09-25 11:48:21,423 [Worker-16: Building] INFO  o.a.m.s.f.DefaultMavenResourcesFiltering - skip non existing resourceDirectory C:\Users\nakka\OneDrive\Desktop\cozystay\cozystay\backend\cozystay-backend\cozystay1\src\test\resources
2025-09-25 11:48:29,273 [Worker-3: Launching Executing install in C__Users_nakka_OneDrive_Desktop_cozystay_cozystay_backend_cozystay-backend_cozystay1] INFO  o.eclipse.m2e.core.internal.Bundles - getClasspathEntries(Bundle=org.eclipse.m2e.maven.runtime_3.9.900.20240824-1409 [364])
2025-09-25 11:48:29,274 [Worker-3: Launching Executing install in C__Users_nakka_OneDrive_Desktop_cozystay_cozystay_backend_cozystay-backend_cozystay1] INFO  o.eclipse.m2e.core.internal.Bundles - 	Entry: C:\Users\nakka\OneDrive\Desktop\spring\sts-4.28.0.RELEASE\plugins\org.eclipse.m2e.maven.runtime_3.9.900.20240824-1409
2025-09-25 11:48:29,275 [Worker-3: Launching Executing install in C__Users_nakka_OneDrive_Desktop_cozystay_cozystay_backend_cozystay-backend_cozystay1] INFO  o.eclipse.m2e.core.internal.Bundles - 	Entry: C:\Users\nakka\OneDrive\Desktop\spring\sts-4.28.0.RELEASE\plugins\org.eclipse.m2e.maven.runtime_3.9.900.20240824-1409\jars\aopalliance-1.0.jar
2025-09-25 11:48:29,275 [Worker-3: Launching Executing install in C__Users_nakka_OneDrive_Desktop_cozystay_cozystay_backend_cozystay-backend_cozystay1] INFO  o.eclipse.m2e.core.internal.Bundles - 	Entry: C:\Users\nakka\OneDrive\Desktop\spring\sts-4.28.0.RELEASE\plugins\org.eclipse.m2e.maven.runtime_3.9.900.20240824-1409\jars\guice-5.1.0.jar
2025-09-25 11:48:29,275 [Worker-3: Launching Executing install in C__Users_nakka_OneDrive_Desktop_cozystay_cozystay_backend_cozystay-backend_cozystay1] INFO  o.eclipse.m2e.core.internal.Bundles - 	Entry: C:\Users\nakka\OneDrive\Desktop\spring\sts-4.28.0.RELEASE\plugins\org.eclipse.m2e.maven.runtime_3.9.900.20240824-1409\jars\httpclient-4.5.14.jar
2025-09-25 11:48:29,276 [Worker-3: Launching Executing install in C__Users_nakka_OneDrive_Desktop_cozystay_cozystay_backend_cozystay-backend_cozystay1] INFO  o.eclipse.m2e.core.internal.Bundles - 	Entry: C:\Users\nakka\OneDrive\Desktop\spring\sts-4.28.0.RELEASE\plugins\org.eclipse.m2e.maven.runtime_3.9.900.20240824-1409\jars\httpcore-4.4.16.jar
2025-09-25 11:48:29,276 [Worker-3: Launching Executing install in C__Users_nakka_OneDrive_Desktop_cozystay_cozystay_backend_cozystay-backend_cozystay1] INFO  o.eclipse.m2e.core.internal.Bundles - 	Entry: C:\Users\nakka\OneDrive\Desktop\spring\sts-4.28.0.RELEASE\plugins\org.eclipse.m2e.maven.runtime_3.9.900.20240824-1409\jars\jansi-2.4.1.jar
2025-09-25 11:48:29,277 [Worker-3: Launching Executing install in C__Users_nakka_OneDrive_Desktop_cozystay_cozystay_backend_cozystay-backend_cozystay1] INFO  o.eclipse.m2e.core.internal.Bundles - 	Entry: C:\Users\nakka\OneDrive\Desktop\spring\sts-4.28.0.RELEASE\plugins\org.eclipse.m2e.maven.runtime_3.9.900.20240824-1409\jars\jcl-over-slf4j-1.7.36.jar
2025-09-25 11:48:29,277 [Worker-3: Launching Executing install in C__Users_nakka_OneDrive_Desktop_cozystay_cozystay_backend_cozystay-backend_cozystay1] INFO  o.eclipse.m2e.core.internal.Bundles - 	Entry: C:\Users\nakka\OneDrive\Desktop\spring\sts-4.28.0.RELEASE\plugins\org.eclipse.m2e.maven.runtime_3.9.900.20240824-1409\jars\maven-artifact-3.9.9.jar
2025-09-25 11:48:29,277 [Worker-3: Launching Executing install in C__Users_nakka_OneDrive_Desktop_cozystay_cozystay_backend_cozystay-backend_cozystay1] INFO  o.eclipse.m2e.core.internal.Bundles - 	Entry: C:\Users\nakka\OneDrive\Desktop\spring\sts-4.28.0.RELEASE\plugins\org.eclipse.m2e.maven.runtime_3.9.900.20240824-1409\jars\maven-builder-support-3.9.9.jar
2025-09-25 11:48:29,277 [Worker-3: Launching Executing install in C__Users_nakka_OneDrive_Desktop_cozystay_cozystay_backend_cozystay-backend_cozystay1] INFO  o.eclipse.m2e.core.internal.Bundles - 	Entry: C:\Users\nakka\OneDrive\Desktop\spring\sts-4.28.0.RELEASE\plugins\org.eclipse.m2e.maven.runtime_3.9.900.20240824-1409\jars\maven-compat-3.9.9.jar
2025-09-25 11:48:29,278 [Worker-3: Launching Executing install in C__Users_nakka_OneDrive_Desktop_cozystay_cozystay_backend_cozystay-backend_cozystay1] INFO  o.eclipse.m2e.core.internal.Bundles - 	Entry: C:\Users\nakka\OneDrive\Desktop\spring\sts-4.28.0.RELEASE\plugins\org.eclipse.m2e.maven.runtime_3.9.900.20240824-1409\jars\maven-core-3.9.9.jar
2025-09-25 11:48:29,278 [Worker-3: Launching Executing install in C__Users_nakka_OneDrive_Desktop_cozystay_cozystay_backend_cozystay-backend_cozystay1] INFO  o.eclipse.m2e.core.internal.Bundles - 	Entry: C:\Users\nakka\OneDrive\Desktop\spring\sts-4.28.0.RELEASE\plugins\org.eclipse.m2e.maven.runtime_3.9.900.20240824-1409\jars\maven-embedder-3.9.9.jar
2025-09-25 11:48:29,278 [Worker-3: Launching Executing install in C__Users_nakka_OneDrive_Desktop_cozystay_cozystay_backend_cozystay-backend_cozystay1] INFO  o.eclipse.m2e.core.internal.Bundles - 	Entry: C:\Users\nakka\OneDrive\Desktop\spring\sts-4.28.0.RELEASE\plugins\org.eclipse.m2e.maven.runtime_3.9.900.20240824-1409\jars\maven-model-3.9.9.jar
2025-09-25 11:48:29,279 [Worker-3: Launching Executing install in C__Users_nakka_OneDrive_Desktop_cozystay_cozystay_backend_cozystay-backend_cozystay1] INFO  o.eclipse.m2e.core.internal.Bundles - 	Entry: C:\Users\nakka\OneDrive\Desktop\spring\sts-4.28.0.RELEASE\plugins\org.eclipse.m2e.maven.runtime_3.9.900.20240824-1409\jars\maven-model-builder-3.9.9.jar
2025-09-25 11:48:29,279 [Worker-3: Launching Executing install in C__Users_nakka_OneDrive_Desktop_cozystay_cozystay_backend_cozystay-backend_cozystay1] INFO  o.eclipse.m2e.core.internal.Bundles - 	Entry: C:\Users\nakka\OneDrive\Desktop\spring\sts-4.28.0.RELEASE\plugins\org.eclipse.m2e.maven.runtime_3.9.900.20240824-1409\jars\maven-plugin-api-3.9.9.jar
2025-09-25 11:48:29,279 [Worker-3: Launching Executing install in C__Users_nakka_OneDrive_Desktop_cozystay_cozystay_backend_cozystay-backend_cozystay1] INFO  o.eclipse.m2e.core.internal.Bundles - 	Entry: C:\Users\nakka\OneDrive\Desktop\spring\sts-4.28.0.RELEASE\plugins\org.eclipse.m2e.maven.runtime_3.9.900.20240824-1409\jars\maven-repository-metadata-3.9.9.jar
2025-09-25 11:48:29,279 [Worker-3: Launching Executing install in C__Users_nakka_OneDrive_Desktop_cozystay_cozystay_backend_cozystay-backend_cozystay1] INFO  o.eclipse.m2e.core.internal.Bundles - 	Entry: C:\Users\nakka\OneDrive\Desktop\spring\sts-4.28.0.RELEASE\plugins\org.eclipse.m2e.maven.runtime_3.9.900.20240824-1409\jars\maven-resolver-api-1.9.22.jar
2025-09-25 11:48:29,281 [Worker-3: Launching Executing install in C__Users_nakka_OneDrive_Desktop_cozystay_cozystay_backend_cozystay-backend_cozystay1] INFO  o.eclipse.m2e.core.internal.Bundles - 	Entry: C:\Users\nakka\OneDrive\Desktop\spring\sts-4.28.0.RELEASE\plugins\org.eclipse.m2e.maven.runtime_3.9.900.20240824-1409\jars\maven-resolver-connector-basic-1.9.22.jar
2025-09-25 11:48:29,281 [Worker-3: Launching Executing install in C__Users_nakka_OneDrive_Desktop_cozystay_cozystay_backend_cozystay-backend_cozystay1] INFO  o.eclipse.m2e.core.internal.Bundles - 	Entry: C:\Users\nakka\OneDrive\Desktop\spring\sts-4.28.0.RELEASE\plugins\org.eclipse.m2e.maven.runtime_3.9.900.20240824-1409\jars\maven-resolver-impl-1.9.22.jar
2025-09-25 11:48:29,281 [Worker-3: Launching Executing install in C__Users_nakka_OneDrive_Desktop_cozystay_cozystay_backend_cozystay-backend_cozystay1] INFO  o.eclipse.m2e.core.internal.Bundles - 	Entry: C:\Users\nakka\OneDrive\Desktop\spring\sts-4.28.0.RELEASE\plugins\org.eclipse.m2e.maven.runtime_3.9.900.20240824-1409\jars\maven-resolver-named-locks-1.9.22.jar
2025-09-25 11:48:29,281 [Worker-3: Launching Executing install in C__Users_nakka_OneDrive_Desktop_cozystay_cozystay_backend_cozystay-backend_cozystay1] INFO  o.eclipse.m2e.core.internal.Bundles - 	Entry: C:\Users\nakka\OneDrive\Desktop\spring\sts-4.28.0.RELEASE\plugins\org.eclipse.m2e.maven.runtime_3.9.900.20240824-1409\jars\maven-resolver-provider-3.9.9.jar
2025-09-25 11:48:29,283 [Worker-3: Launching Executing install in C__Users_nakka_OneDrive_Desktop_cozystay_cozystay_backend_cozystay-backend_cozystay1] INFO  o.eclipse.m2e.core.internal.Bundles - 	Entry: C:\Users\nakka\OneDrive\Desktop\spring\sts-4.28.0.RELEASE\plugins\org.eclipse.m2e.maven.runtime_3.9.900.20240824-1409\jars\maven-resolver-spi-1.9.22.jar
2025-09-25 11:48:29,283 [Worker-3: Launching Executing install in C__Users_nakka_OneDrive_Desktop_cozystay_cozystay_backend_cozystay-backend_cozystay1] INFO  o.eclipse.m2e.core.internal.Bundles - 	Entry: C:\Users\nakka\OneDrive\Desktop\spring\sts-4.28.0.RELEASE\plugins\org.eclipse.m2e.maven.runtime_3.9.900.20240824-1409\jars\maven-resolver-transport-file-1.9.22.jar
2025-09-25 11:48:29,283 [Worker-3: Launching Executing install in C__Users_nakka_OneDrive_Desktop_cozystay_cozystay_backend_cozystay-backend_cozystay1] INFO  o.eclipse.m2e.core.internal.Bundles - 	Entry: C:\Users\nakka\OneDrive\Desktop\spring\sts-4.28.0.RELEASE\plugins\org.eclipse.m2e.maven.runtime_3.9.900.20240824-1409\jars\maven-resolver-transport-http-1.9.22.jar
2025-09-25 11:48:29,284 [Worker-3: Launching Executing install in C__Users_nakka_OneDrive_Desktop_cozystay_cozystay_backend_cozystay-backend_cozystay1] INFO  o.eclipse.m2e.core.internal.Bundles - 	Entry: C:\Users\nakka\OneDrive\Desktop\spring\sts-4.28.0.RELEASE\plugins\org.eclipse.m2e.maven.runtime_3.9.900.20240824-1409\jars\maven-resolver-transport-wagon-1.9.22.jar
2025-09-25 11:48:29,284 [Worker-3: Launching Executing install in C__Users_nakka_OneDrive_Desktop_cozystay_cozystay_backend_cozystay-backend_cozystay1] INFO  o.eclipse.m2e.core.internal.Bundles - 	Entry: C:\Users\nakka\OneDrive\Desktop\spring\sts-4.28.0.RELEASE\plugins\org.eclipse.m2e.maven.runtime_3.9.900.20240824-1409\jars\maven-resolver-util-1.9.22.jar
2025-09-25 11:48:29,285 [Worker-3: Launching Executing install in C__Users_nakka_OneDrive_Desktop_cozystay_cozystay_backend_cozystay-backend_cozystay1] INFO  o.eclipse.m2e.core.internal.Bundles - 	Entry: C:\Users\nakka\OneDrive\Desktop\spring\sts-4.28.0.RELEASE\plugins\org.eclipse.m2e.maven.runtime_3.9.900.20240824-1409\jars\maven-settings-3.9.9.jar
2025-09-25 11:48:29,285 [Worker-3: Launching Executing install in C__Users_nakka_OneDrive_Desktop_cozystay_cozystay_backend_cozystay-backend_cozystay1] INFO  o.eclipse.m2e.core.internal.Bundles - 	Entry: C:\Users\nakka\OneDrive\Desktop\spring\sts-4.28.0.RELEASE\plugins\org.eclipse.m2e.maven.runtime_3.9.900.20240824-1409\jars\maven-settings-builder-3.9.9.jar
2025-09-25 11:48:29,285 [Worker-3: Launching Executing install in C__Users_nakka_OneDrive_Desktop_cozystay_cozystay_backend_cozystay-backend_cozystay1] INFO  o.eclipse.m2e.core.internal.Bundles - 	Entry: C:\Users\nakka\OneDrive\Desktop\spring\sts-4.28.0.RELEASE\plugins\org.eclipse.m2e.maven.runtime_3.9.900.20240824-1409\jars\maven-shared-utils-3.4.2.jar
2025-09-25 11:48:29,286 [Worker-3: Launching Executing install in C__Users_nakka_OneDrive_Desktop_cozystay_cozystay_backend_cozystay-backend_cozystay1] INFO  o.eclipse.m2e.core.internal.Bundles - 	Entry: C:\Users\nakka\OneDrive\Desktop\spring\sts-4.28.0.RELEASE\plugins\org.eclipse.m2e.maven.runtime_3.9.900.20240824-1409\jars\org.eclipse.sisu.inject-0.9.0.M3.jar
2025-09-25 11:48:29,286 [Worker-3: Launching Executing install in C__Users_nakka_OneDrive_Desktop_cozystay_cozystay_backend_cozystay-backend_cozystay1] INFO  o.eclipse.m2e.core.internal.Bundles - 	Entry: C:\Users\nakka\OneDrive\Desktop\spring\sts-4.28.0.RELEASE\plugins\org.eclipse.m2e.maven.runtime_3.9.900.20240824-1409\jars\org.eclipse.sisu.plexus-0.9.0.M3.jar
2025-09-25 11:48:29,287 [Worker-3: Launching Executing install in C__Users_nakka_OneDrive_Desktop_cozystay_cozystay_backend_cozystay-backend_cozystay1] INFO  o.eclipse.m2e.core.internal.Bundles - 	Entry: C:\Users\nakka\OneDrive\Desktop\spring\sts-4.28.0.RELEASE\plugins\org.eclipse.m2e.maven.runtime_3.9.900.20240824-1409\jars\plexus-build-api-0.0.7.jar
2025-09-25 11:48:29,287 [Worker-3: Launching Executing install in C__Users_nakka_OneDrive_Desktop_cozystay_cozystay_backend_cozystay-backend_cozystay1] INFO  o.eclipse.m2e.core.internal.Bundles - 	Entry: C:\Users\nakka\OneDrive\Desktop\spring\sts-4.28.0.RELEASE\plugins\org.eclipse.m2e.maven.runtime_3.9.900.20240824-1409\jars\plexus-build-api-1.2.0.jar
2025-09-25 11:48:29,287 [Worker-3: Launching Executing install in C__Users_nakka_OneDrive_Desktop_cozystay_cozystay_backend_cozystay-backend_cozystay1] INFO  o.eclipse.m2e.core.internal.Bundles - 	Entry: C:\Users\nakka\OneDrive\Desktop\spring\sts-4.28.0.RELEASE\plugins\org.eclipse.m2e.maven.runtime_3.9.900.20240824-1409\jars\plexus-cipher-2.0.jar
2025-09-25 11:48:29,287 [Worker-3: Launching Executing install in C__Users_nakka_OneDrive_Desktop_cozystay_cozystay_backend_cozystay-backend_cozystay1] INFO  o.eclipse.m2e.core.internal.Bundles - 	Entry: C:\Users\nakka\OneDrive\Desktop\spring\sts-4.28.0.RELEASE\plugins\org.eclipse.m2e.maven.runtime_3.9.900.20240824-1409\jars\plexus-classworlds-2.8.0.jar
2025-09-25 11:48:29,287 [Worker-3: Launching Executing install in C__Users_nakka_OneDrive_Desktop_cozystay_cozystay_backend_cozystay-backend_cozystay1] INFO  o.eclipse.m2e.core.internal.Bundles - 	Entry: C:\Users\nakka\OneDrive\Desktop\spring\sts-4.28.0.RELEASE\plugins\org.eclipse.m2e.maven.runtime_3.9.900.20240824-1409\jars\plexus-component-annotations-2.1.0.jar
2025-09-25 11:48:29,288 [Worker-3: Launching Executing install in C__Users_nakka_OneDrive_Desktop_cozystay_cozystay_backend_cozystay-backend_cozystay1] INFO  o.eclipse.m2e.core.internal.Bundles - 	Entry: C:\Users\nakka\OneDrive\Desktop\spring\sts-4.28.0.RELEASE\plugins\org.eclipse.m2e.maven.runtime_3.9.900.20240824-1409\jars\plexus-interpolation-1.27.jar
2025-09-25 11:48:29,288 [Worker-3: Launching Executing install in C__Users_nakka_OneDrive_Desktop_cozystay_cozystay_backend_cozystay-backend_cozystay1] INFO  o.eclipse.m2e.core.internal.Bundles - 	Entry: C:\Users\nakka\OneDrive\Desktop\spring\sts-4.28.0.RELEASE\plugins\org.eclipse.m2e.maven.runtime_3.9.900.20240824-1409\jars\plexus-sec-dispatcher-2.0.jar
2025-09-25 11:48:29,289 [Worker-3: Launching Executing install in C__Users_nakka_OneDrive_Desktop_cozystay_cozystay_backend_cozystay-backend_cozystay1] INFO  o.eclipse.m2e.core.internal.Bundles - 	Entry: C:\Users\nakka\OneDrive\Desktop\spring\sts-4.28.0.RELEASE\plugins\org.eclipse.m2e.maven.runtime_3.9.900.20240824-1409\jars\plexus-utils-3.5.1.jar
2025-09-25 11:48:29,289 [Worker-3: Launching Executing install in C__Users_nakka_OneDrive_Desktop_cozystay_cozystay_backend_cozystay-backend_cozystay1] INFO  o.eclipse.m2e.core.internal.Bundles - 	Entry: C:\Users\nakka\OneDrive\Desktop\spring\sts-4.28.0.RELEASE\plugins\org.eclipse.m2e.maven.runtime_3.9.900.20240824-1409\jars\plexus-xml-3.0.1.jar
2025-09-25 11:48:29,289 [Worker-3: Launching Executing install in C__Users_nakka_OneDrive_Desktop_cozystay_cozystay_backend_cozystay-backend_cozystay1] INFO  o.eclipse.m2e.core.internal.Bundles - 	Entry: C:\Users\nakka\OneDrive\Desktop\spring\sts-4.28.0.RELEASE\plugins\org.eclipse.m2e.maven.runtime_3.9.900.20240824-1409\jars\wagon-file-3.5.3.jar
2025-09-25 11:48:29,290 [Worker-3: Launching Executing install in C__Users_nakka_OneDrive_Desktop_cozystay_cozystay_backend_cozystay-backend_cozystay1] INFO  o.eclipse.m2e.core.internal.Bundles - 	Entry: C:\Users\nakka\OneDrive\Desktop\spring\sts-4.28.0.RELEASE\plugins\org.eclipse.m2e.maven.runtime_3.9.900.20240824-1409\jars\wagon-http-3.5.3.jar
2025-09-25 11:48:29,290 [Worker-3: Launching Executing install in C__Users_nakka_OneDrive_Desktop_cozystay_cozystay_backend_cozystay-backend_cozystay1] INFO  o.eclipse.m2e.core.internal.Bundles - 	Entry: C:\Users\nakka\OneDrive\Desktop\spring\sts-4.28.0.RELEASE\plugins\org.eclipse.m2e.maven.runtime_3.9.900.20240824-1409\jars\wagon-http-shared-3.5.3.jar
2025-09-25 11:48:29,290 [Worker-3: Launching Executing install in C__Users_nakka_OneDrive_Desktop_cozystay_cozystay_backend_cozystay-backend_cozystay1] INFO  o.eclipse.m2e.core.internal.Bundles - 	Entry: C:\Users\nakka\OneDrive\Desktop\spring\sts-4.28.0.RELEASE\plugins\org.eclipse.m2e.maven.runtime_3.9.900.20240824-1409\jars\wagon-provider-api-3.5.3.jar
2025-09-25 11:48:29,291 [Worker-3: Launching Executing install in C__Users_nakka_OneDrive_Desktop_cozystay_cozystay_backend_cozystay-backend_cozystay1] INFO  o.eclipse.m2e.core.internal.Bundles - getClasspathEntries(Bundle=com.google.guava_33.3.1.jre [29])
2025-09-25 11:48:29,293 [Worker-3: Launching Executing install in C__Users_nakka_OneDrive_Desktop_cozystay_cozystay_backend_cozystay-backend_cozystay1] INFO  o.eclipse.m2e.core.internal.Bundles - 	Entry: C:\Users\nakka\OneDrive\Desktop\spring\sts-4.28.0.RELEASE\plugins\com.google.guava_33.3.1.jre.jar
2025-09-25 11:48:29,293 [Worker-3: Launching Executing install in C__Users_nakka_OneDrive_Desktop_cozystay_cozystay_backend_cozystay-backend_cozystay1] INFO  o.eclipse.m2e.core.internal.Bundles - getClasspathEntries(Bundle=slf4j.api_2.0.16 [615])
2025-09-25 11:48:29,294 [Worker-3: Launching Executing install in C__Users_nakka_OneDrive_Desktop_cozystay_cozystay_backend_cozystay-backend_cozystay1] INFO  o.eclipse.m2e.core.internal.Bundles - 	Entry: C:\Users\nakka\OneDrive\Desktop\spring\sts-4.28.0.RELEASE\plugins\slf4j.api_2.0.16.jar
2025-09-25 11:48:29,294 [Worker-3: Launching Executing install in C__Users_nakka_OneDrive_Desktop_cozystay_cozystay_backend_cozystay-backend_cozystay1] INFO  o.eclipse.m2e.core.internal.Bundles - getClasspathEntries(Bundle=jakarta.inject.jakarta.inject-api_1.0.5 [45])
2025-09-25 11:48:29,295 [Worker-3: Launching Executing install in C__Users_nakka_OneDrive_Desktop_cozystay_cozystay_backend_cozystay-backend_cozystay1] INFO  o.eclipse.m2e.core.internal.Bundles - 	Entry: C:\Users\nakka\OneDrive\Desktop\spring\sts-4.28.0.RELEASE\plugins\jakarta.inject.jakarta.inject-api_1.0.5.jar
2025-09-25 11:48:29,295 [Worker-3: Launching Executing install in C__Users_nakka_OneDrive_Desktop_cozystay_cozystay_backend_cozystay-backend_cozystay1] INFO  o.eclipse.m2e.core.internal.Bundles - getClasspathEntries(Bundle=jakarta.annotation-api_1.3.5 [41])
2025-09-25 11:48:29,297 [Worker-3: Launching Executing install in C__Users_nakka_OneDrive_Desktop_cozystay_cozystay_backend_cozystay-backend_cozystay1] INFO  o.eclipse.m2e.core.internal.Bundles - 	Entry: C:\Users\nakka\OneDrive\Desktop\spring\sts-4.28.0.RELEASE\plugins\jakarta.annotation-api_1.3.5.jar
2025-09-25 11:48:29,297 [Worker-3: Launching Executing install in C__Users_nakka_OneDrive_Desktop_cozystay_cozystay_backend_cozystay-backend_cozystay1] INFO  o.eclipse.m2e.core.internal.Bundles - getClasspathEntries(Bundle=org.apache.commons.cli_1.9.0 [78])
2025-09-25 11:48:29,297 [Worker-3: Launching Executing install in C__Users_nakka_OneDrive_Desktop_cozystay_cozystay_backend_cozystay-backend_cozystay1] INFO  o.eclipse.m2e.core.internal.Bundles - 	Entry: C:\Users\nakka\OneDrive\Desktop\spring\sts-4.28.0.RELEASE\plugins\org.apache.commons.cli_1.9.0.jar
2025-09-25 11:48:29,297 [Worker-3: Launching Executing install in C__Users_nakka_OneDrive_Desktop_cozystay_cozystay_backend_cozystay-backend_cozystay1] INFO  o.eclipse.m2e.core.internal.Bundles - getClasspathEntries(Bundle=org.apache.commons.commons-codec_1.16.0 [81])
2025-09-25 11:48:29,298 [Worker-3: Launching Executing install in C__Users_nakka_OneDrive_Desktop_cozystay_cozystay_backend_cozystay-backend_cozystay1] INFO  o.eclipse.m2e.core.internal.Bundles - 	Entry: C:\Users\nakka\OneDrive\Desktop\spring\sts-4.28.0.RELEASE\plugins\org.apache.commons.commons-codec_1.16.0.jar
2025-09-25 11:48:29,298 [Worker-3: Launching Executing install in C__Users_nakka_OneDrive_Desktop_cozystay_cozystay_backend_cozystay-backend_cozystay1] INFO  o.eclipse.m2e.core.internal.Bundles - getClasspathEntries(Bundle=com.google.guava.failureaccess_1.0.2 [30])
2025-09-25 11:48:29,299 [Worker-3: Launching Executing install in C__Users_nakka_OneDrive_Desktop_cozystay_cozystay_backend_cozystay-backend_cozystay1] INFO  o.eclipse.m2e.core.internal.Bundles - 	Entry: C:\Users\nakka\OneDrive\Desktop\spring\sts-4.28.0.RELEASE\plugins\com.google.guava.failureaccess_1.0.2.jar
2025-09-25 11:48:29,302 [Worker-3: Launching Executing install in C__Users_nakka_OneDrive_Desktop_cozystay_cozystay_backend_cozystay-backend_cozystay1] INFO  o.e.m.i.launch.MavenLaunchDelegate - Run build in "C:\Users\nakka\OneDrive\Desktop\cozystay\cozystay\backend\cozystay-backend\cozystay1":
2025-09-25 11:48:29,302 [Worker-3: Launching Executing install in C__Users_nakka_OneDrive_Desktop_cozystay_cozystay_backend_cozystay-backend_cozystay1] INFO  o.e.m.i.launch.MavenLaunchDelegate -  mvn  -Ppom.xml -B -Dstyle.color=always install
2025-09-25 11:52:27,374 [Worker-17: Building] INFO  o.a.m.s.f.DefaultMavenResourcesFiltering - Copying 0 resource from src\main\resources to target\classes
2025-09-25 11:52:27,375 [Worker-17: Building] INFO  o.a.m.s.f.DefaultMavenResourcesFiltering - Copying 0 resource from src\main\resources to target\classes
2025-09-25 11:52:27,381 [Worker-17: Building] INFO  o.a.m.s.f.DefaultMavenResourcesFiltering - skip non existing resourceDirectory C:\Users\nakka\OneDrive\Desktop\cozystay\cozystay\backend\cozystay-backend\cozystay1\src\test\resources
2025-09-25 11:54:11,459 [Worker-3: Building] INFO  o.a.m.s.f.DefaultMavenResourcesFiltering - Copying 0 resource from src\main\resources to target\classes
2025-09-25 11:54:11,461 [Worker-3: Building] INFO  o.a.m.s.f.DefaultMavenResourcesFiltering - Copying 0 resource from src\main\resources to target\classes
2025-09-25 11:54:11,467 [Worker-3: Building] INFO  o.a.m.s.f.DefaultMavenResourcesFiltering - skip non existing resourceDirectory C:\Users\nakka\OneDrive\Desktop\cozystay\cozystay\backend\cozystay-backend\cozystay1\src\test\resources
2025-09-25 11:54:54,735 [Worker-14: Building] INFO  o.a.m.s.f.DefaultMavenResourcesFiltering - Copying 0 resource from src\main\resources to target\classes
2025-09-25 11:54:54,737 [Worker-14: Building] INFO  o.a.m.s.f.DefaultMavenResourcesFiltering - Copying 0 resource from src\main\resources to target\classes
2025-09-25 11:54:54,742 [Worker-14: Building] INFO  o.a.m.s.f.DefaultMavenResourcesFiltering - skip non existing resourceDirectory C:\Users\nakka\OneDrive\Desktop\cozystay\cozystay\backend\cozystay-backend\cozystay1\src\test\resources
2025-09-25 11:57:55,314 [Worker-17: Building] INFO  o.a.m.s.f.DefaultMavenResourcesFiltering - Copying 1 resource from src\main\resources to target\classes
2025-09-25 11:57:55,336 [Worker-17: Building] INFO  o.a.m.s.f.DefaultMavenResourcesFiltering - Copying 0 resource from src\main\resources to target\classes
2025-09-25 11:57:55,343 [Worker-17: Building] INFO  o.a.m.s.f.DefaultMavenResourcesFiltering - skip non existing resourceDirectory C:\Users\nakka\OneDrive\Desktop\cozystay\cozystay\backend\cozystay-backend\cozystay1\src\test\resources
2025-10-10 23:44:14,086 [Worker-3: Loading available Gradle versions] INFO  o.e.b.c.i.u.g.PublishedGradleVersions - Gradle version information cache is out-of-date. Trying to update.
2025-10-11 10:20:04,719 [Worker-5: Loading available Gradle versions] INFO  o.e.b.c.i.u.g.PublishedGradleVersions - Gradle version information cache is up-to-date. Trying to read.
2025-10-11 10:43:39,962 [Worker-8: Loading available Gradle versions] INFO  o.e.b.c.i.u.g.PublishedGradleVersions - Gradle version information cache is up-to-date. Trying to read.
2025-11-25 20:05:11,970 [Worker-5: Loading available Gradle versions] INFO  o.e.b.c.i.u.g.PublishedGradleVersions - Gradle version information cache is out-of-date. Trying to update.
2025-11-25 21:43:12,237 [Worker-21: Building] INFO  o.e.m.c.i.l.LifecycleMappingFactory - Using org.eclipse.m2e.jdt.JarLifecycleMapping lifecycle mapping for MavenProject: com.cozystay:cozystay-backend:1.0.0 @ C:\Users\nakka\OneDrive\Desktop\cozystay\cozystay\backend\cozystay-backend\cozystay1\pom.xml.
2025-11-25 21:43:15,512 [Worker-21: Building] INFO  o.a.m.s.f.DefaultMavenResourcesFiltering - Copying 1 resource from src\main\resources to target\classes
2025-11-25 21:43:15,587 [Worker-21: Building] INFO  o.a.m.s.f.DefaultMavenResourcesFiltering - Copying 0 resource from src\main\resources to target\classes
2025-11-25 21:43:15,598 [Worker-21: Building] INFO  o.a.m.s.f.DefaultMavenResourcesFiltering - skip non existing resourceDirectory C:\Users\nakka\OneDrive\Desktop\cozystay\cozystay\backend\cozystay-backend\cozystay1\src\test\resources
2025-11-25 21:43:19,997 [Worker-24: Building] INFO  o.a.m.s.f.DefaultMavenResourcesFiltering - Copying 1 resource from src\main\resources to target\classes
2025-11-25 21:43:20,017 [Worker-24: Building] INFO  o.a.m.s.f.DefaultMavenResourcesFiltering - Copying 0 resource from src\main\resources to target\classes
2025-11-25 21:43:20,027 [Worker-24: Building] INFO  o.a.m.s.f.DefaultMavenResourcesFiltering - skip non existing resourceDirectory C:\Users\nakka\OneDrive\Desktop\cozystay\cozystay\backend\cozystay-backend\cozystay1\src\test\resources
2025-11-25 21:44:17,959 [Worker-16: Building] INFO  o.e.m.c.i.e.AbstractTransferListenerAdapter - Downloading https://repo.maven.apache.org/maven2/org/apache/maven/plugins/maven-surefire-plugin/3.1.2/maven-surefire-plugin-3.1.2.jar
2025-11-25 21:44:18,572 [Worker-16: Building] INFO  o.e.m.c.i.e.AbstractTransferListenerAdapter - Downloaded https://repo.maven.apache.org/maven2/org/apache/maven/plugins/maven-surefire-plugin/3.1.2/maven-surefire-plugin-3.1.2.jar
2025-11-25 21:44:18,930 [Worker-16: Building] INFO  o.e.m.c.i.l.LifecycleMappingFactory - Using org.eclipse.m2e.jdt.JarLifecycleMapping lifecycle mapping for MavenProject: com.cozystay:cozystay-backend:1.0.0 @ C:\Users\nakka\OneDrive\Desktop\cozystay\cozystay\backend\cozystay-backend\cozystay1\pom.xml.
2025-11-25 21:44:20,564 [Worker-16: Building] INFO  o.a.m.s.f.DefaultMavenResourcesFiltering - Copying 0 resource from src\main\resources to target\classes
2025-11-25 21:44:20,569 [Worker-16: Building] INFO  o.a.m.s.f.DefaultMavenResourcesFiltering - Copying 0 resource from src\main\resources to target\classes
2025-11-25 21:44:20,582 [Worker-16: Building] INFO  o.a.m.s.f.DefaultMavenResourcesFiltering - skip non existing resourceDirectory C:\Users\nakka\OneDrive\Desktop\cozystay\cozystay\backend\cozystay-backend\cozystay1\src\test\resources
2025-11-25 21:44:20,662 [Worker-16: Building] INFO  o.e.m.c.i.e.AbstractTransferListenerAdapter - Downloading https://repo.maven.apache.org/maven2/org/apache/maven/plugins/maven-surefire-plugin/3.1.2/maven-surefire-plugin-3.1.2.pom
2025-11-25 21:44:20,730 [Worker-16: Building] INFO  o.e.m.c.i.e.AbstractTransferListenerAdapter - Downloaded https://repo.maven.apache.org/maven2/org/apache/maven/plugins/maven-surefire-plugin/3.1.2/maven-surefire-plugin-3.1.2.pom
2025-11-25 21:44:20,797 [Worker-16: Building] INFO  o.e.m.c.i.e.AbstractTransferListenerAdapter - Downloading https://repo.maven.apache.org/maven2/org/apache/maven/surefire/surefire/3.1.2/surefire-3.1.2.pom
2025-11-25 21:44:20,993 [Worker-16: Building] INFO  o.e.m.c.i.e.AbstractTransferListenerAdapter - Downloaded https://repo.maven.apache.org/maven2/org/apache/maven/surefire/surefire/3.1.2/surefire-3.1.2.pom
2025-11-25 21:46:51,139 [Worker-22: Building] INFO  o.a.m.s.f.DefaultMavenResourcesFiltering - Copying 0 resource from src\main\resources to target\classes
2025-11-25 21:46:51,145 [Worker-22: Building] INFO  o.a.m.s.f.DefaultMavenResourcesFiltering - Copying 0 resource from src\main\resources to target\classes
2025-11-25 21:46:51,156 [Worker-22: Building] INFO  o.a.m.s.f.DefaultMavenResourcesFiltering - skip non existing resourceDirectory C:\Users\nakka\OneDrive\Desktop\cozystay\cozystay\backend\cozystay-backend\cozystay1\src\test\resources
2025-11-25 22:12:23,101 [Worker-23: Building] INFO  o.a.m.s.f.DefaultMavenResourcesFiltering - Copying 1 resource from src\main\resources to target\classes
2025-11-25 22:12:23,177 [Worker-23: Building] INFO  o.a.m.s.f.DefaultMavenResourcesFiltering - Copying 0 resource from src\main\resources to target\classes
2025-11-25 22:12:23,187 [Worker-23: Building] INFO  o.a.m.s.f.DefaultMavenResourcesFiltering - skip non existing resourceDirectory C:\Users\nakka\OneDrive\Desktop\cozystay\cozystay\backend\cozystay-backend\cozystay1\src\test\resources
2025-11-25 22:50:18,756 [Worker-25: Building] INFO  o.a.m.s.f.DefaultMavenResourcesFiltering - Copying 1 resource from src\main\resources to target\classes
2025-11-25 22:50:18,847 [Worker-25: Building] INFO  o.a.m.s.f.DefaultMavenResourcesFiltering - Copying 0 resource from src\main\resources to target\classes
2025-11-25 22:50:18,864 [Worker-25: Building] INFO  o.a.m.s.f.DefaultMavenResourcesFiltering - skip non existing resourceDirectory C:\Users\nakka\OneDrive\Desktop\cozystay\cozystay\backend\cozystay-backend\cozystay1\src\test\resources
2025-11-26 19:57:14,352 [Worker-5: Loading available Gradle versions] INFO  o.e.b.c.i.u.g.PublishedGradleVersions - Gradle version information cache is up-to-date. Trying to read.
2025-11-26 20:01:45,190 [Worker-1: Building] INFO  o.a.m.s.f.DefaultMavenResourcesFiltering - Copying 1 resource from src\main\resources to target\classes
2025-11-26 20:01:45,234 [Worker-1: Building] INFO  o.a.m.s.f.DefaultMavenResourcesFiltering - Copying 0 resource from src\main\resources to target\classes
2025-11-26 20:01:45,243 [Worker-1: Building] INFO  o.a.m.s.f.DefaultMavenResourcesFiltering - skip non existing resourceDirectory C:\Users\nakka\OneDrive\Desktop\cozystay\cozystay\backend\cozystay-backend\cozystay1\src\test\resources
2025-11-26 20:02:12,468 [Worker-4: Building] INFO  o.a.m.s.f.DefaultMavenResourcesFiltering - Copying 0 resource from src\main\resources to target\classes
2025-11-26 20:02:12,472 [Worker-4: Building] INFO  o.a.m.s.f.DefaultMavenResourcesFiltering - Copying 0 resource from src\main\resources to target\classes
2025-11-26 20:02:12,481 [Worker-4: Building] INFO  o.a.m.s.f.DefaultMavenResourcesFiltering - skip non existing resourceDirectory C:\Users\nakka\OneDrive\Desktop\cozystay\cozystay\backend\cozystay-backend\cozystay1\src\test\resources
2025-11-26 20:10:36,956 [Worker-4: Loading available Gradle versions] INFO  o.e.b.c.i.u.g.PublishedGradleVersions - Gradle version information cache is out-of-date. Trying to update.
2025-11-26 20:18:31,618 [Worker-16: Building] INFO  o.a.m.s.f.DefaultMavenResourcesFiltering - Copying 1 resource from src\main\resources to target\classes
2025-11-26 20:18:31,692 [Worker-16: Building] INFO  o.a.m.s.f.DefaultMavenResourcesFiltering - Copying 0 resource from src\main\resources to target\classes
2025-11-26 20:18:31,713 [Worker-16: Building] INFO  o.a.m.s.f.DefaultMavenResourcesFiltering - skip non existing resourceDirectory C:\Users\nakka\OneDrive\Desktop\cozystay\cozystay\backend\cozystay-backend\cozystay1\src\test\resources
2025-11-26 20:18:52,458 [Worker-0: Building] INFO  o.a.m.s.f.DefaultMavenResourcesFiltering - Copying 0 resource from src\main\resources to target\classes
2025-11-26 20:18:52,462 [Worker-0: Building] INFO  o.a.m.s.f.DefaultMavenResourcesFiltering - Copying 0 resource from src\main\resources to target\classes
2025-11-26 20:18:52,471 [Worker-0: Building] INFO  o.a.m.s.f.DefaultMavenResourcesFiltering - skip non existing resourceDirectory C:\Users\nakka\OneDrive\Desktop\cozystay\cozystay\backend\cozystay-backend\cozystay1\src\test\resources
2025-11-26 21:00:41,204 [Worker-0: Building] INFO  o.a.m.s.f.DefaultMavenResourcesFiltering - Copying 0 resource from src\main\resources to target\classes
2025-11-26 21:00:41,213 [Worker-0: Building] INFO  o.a.m.s.f.DefaultMavenResourcesFiltering - Copying 0 resource from src\main\resources to target\classes
2025-11-26 21:00:41,222 [Worker-0: Building] INFO  o.a.m.s.f.DefaultMavenResourcesFiltering - skip non existing resourceDirectory C:\Users\nakka\OneDrive\Desktop\cozystay\cozystay\backend\cozystay-backend\cozystay1\src\test\resources
2025-11-26 21:00:45,491 [Worker-20: Building] INFO  o.a.m.s.f.DefaultMavenResourcesFiltering - Copying 0 resource from src\main\resources to target\classes
2025-11-26 21:00:45,495 [Worker-20: Building] INFO  o.a.m.s.f.DefaultMavenResourcesFiltering - Copying 0 resource from src\main\resources to target\classes
2025-11-26 21:00:45,504 [Worker-20: Building] INFO  o.a.m.s.f.DefaultMavenResourcesFiltering - skip non existing resourceDirectory C:\Users\nakka\OneDrive\Desktop\cozystay\cozystay\backend\cozystay-backend\cozystay1\src\test\resources
2025-11-26 22:15:50,339 [Worker-8: Loading available Gradle versions] INFO  o.e.b.c.i.u.g.PublishedGradleVersions - Gradle version information cache is up-to-date. Trying to read.
2025-11-26 22:18:27,262 [Worker-5: Loading available Gradle versions] INFO  o.e.b.c.i.u.g.PublishedGradleVersions - Gradle version information cache is up-to-date. Trying to read.
2025-11-26 23:01:04,884 [Worker-16: Building] INFO  o.a.m.s.f.DefaultMavenResourcesFiltering - Copying 1 resource from src\main\resources to target\classes
2025-11-26 23:01:04,966 [Worker-16: Building] INFO  o.a.m.s.f.DefaultMavenResourcesFiltering - Copying 0 resource from src\main\resources to target\classes
2025-11-26 23:01:04,989 [Worker-16: Building] INFO  o.a.m.s.f.DefaultMavenResourcesFiltering - skip non existing resourceDirectory C:\Users\nakka\OneDrive\Desktop\cozystay\cozystay\backend\cozystay-backend\cozystay1\src\test\resources
2025-11-26 23:04:12,991 [Worker-21: Building] INFO  o.a.m.s.f.DefaultMavenResourcesFiltering - Copying 0 resource from src\main\resources to target\classes
2025-11-26 23:04:12,996 [Worker-21: Building] INFO  o.a.m.s.f.DefaultMavenResourcesFiltering - Copying 0 resource from src\main\resources to target\classes
2025-11-26 23:04:13,004 [Worker-21: Building] INFO  o.a.m.s.f.DefaultMavenResourcesFiltering - skip non existing resourceDirectory C:\Users\nakka\OneDrive\Desktop\cozystay\cozystay\backend\cozystay-backend\cozystay1\src\test\resources
2025-11-26 23:05:29,352 [Worker-21: Building] INFO  o.a.m.s.f.DefaultMavenResourcesFiltering - Copying 0 resource from src\main\resources to target\classes
2025-11-26 23:05:29,355 [Worker-21: Building] INFO  o.a.m.s.f.DefaultMavenResourcesFiltering - Copying 0 resource from src\main\resources to target\classes
2025-11-26 23:05:29,363 [Worker-21: Building] INFO  o.a.m.s.f.DefaultMavenResourcesFiltering - skip non existing resourceDirectory C:\Users\nakka\OneDrive\Desktop\cozystay\cozystay\backend\cozystay-backend\cozystay1\src\test\resources
2025-11-26 23:05:31,974 [Worker-16: Building] INFO  o.a.m.s.f.DefaultMavenResourcesFiltering - Copying 0 resource from src\main\resources to target\classes
2025-11-26 23:05:31,979 [Worker-16: Building] INFO  o.a.m.s.f.DefaultMavenResourcesFiltering - Copying 0 resource from src\main\resources to target\classes
2025-11-26 23:05:31,989 [Worker-16: Building] INFO  o.a.m.s.f.DefaultMavenResourcesFiltering - skip non existing resourceDirectory C:\Users\nakka\OneDrive\Desktop\cozystay\cozystay\backend\cozystay-backend\cozystay1\src\test\resources
2025-11-26 23:10:33,955 [Worker-23: Building] INFO  o.a.m.s.f.DefaultMavenResourcesFiltering - Copying 0 resource from src\main\resources to target\classes
2025-11-26 23:10:33,960 [Worker-23: Building] INFO  o.a.m.s.f.DefaultMavenResourcesFiltering - Copying 0 resource from src\main\resources to target\classes
2025-11-26 23:10:33,967 [Worker-23: Building] INFO  o.a.m.s.f.DefaultMavenResourcesFiltering - skip non existing resourceDirectory C:\Users\nakka\OneDrive\Desktop\cozystay\cozystay\backend\cozystay-backend\cozystay1\src\test\resources
2025-11-26 23:12:13,920 [Worker-16: Building] INFO  o.a.m.s.f.DefaultMavenResourcesFiltering - Copying 0 resource from src\main\resources to target\classes
2025-11-26 23:12:13,924 [Worker-16: Building] INFO  o.a.m.s.f.DefaultMavenResourcesFiltering - Copying 0 resource from src\main\resources to target\classes
2025-11-26 23:12:13,936 [Worker-16: Building] INFO  o.a.m.s.f.DefaultMavenResourcesFiltering - skip non existing resourceDirectory C:\Users\nakka\OneDrive\Desktop\cozystay\cozystay\backend\cozystay-backend\cozystay1\src\test\resources
2025-11-26 23:21:25,011 [Worker-27: Building] INFO  o.a.m.s.f.DefaultMavenResourcesFiltering - Copying 1 resource from src\main\resources to target\classes
2025-11-26 23:21:25,060 [Worker-27: Building] INFO  o.a.m.s.f.DefaultMavenResourcesFiltering - Copying 0 resource from src\main\resources to target\classes
2025-11-26 23:21:25,071 [Worker-27: Building] INFO  o.a.m.s.f.DefaultMavenResourcesFiltering - skip non existing resourceDirectory C:\Users\nakka\OneDrive\Desktop\cozystay\cozystay\backend\cozystay-backend\cozystay1\src\test\resources
2025-11-26 23:28:16,500 [Worker-27: Building] INFO  o.a.m.s.f.DefaultMavenResourcesFiltering - Copying 0 resource from src\main\resources to target\classes
2025-11-26 23:28:16,506 [Worker-27: Building] INFO  o.a.m.s.f.DefaultMavenResourcesFiltering - Copying 0 resource from src\main\resources to target\classes
2025-11-26 23:28:16,516 [Worker-27: Building] INFO  o.a.m.s.f.DefaultMavenResourcesFiltering - skip non existing resourceDirectory C:\Users\nakka\OneDrive\Desktop\cozystay\cozystay\backend\cozystay-backend\cozystay1\src\test\resources
2025-11-26 23:30:37,250 [Worker-19: Building] INFO  o.a.m.s.f.DefaultMavenResourcesFiltering - Copying 0 resource from src\main\resources to target\classes
2025-11-26 23:30:37,256 [Worker-19: Building] INFO  o.a.m.s.f.DefaultMavenResourcesFiltering - Copying 0 resource from src\main\resources to target\classes
2025-11-26 23:30:37,267 [Worker-19: Building] INFO  o.a.m.s.f.DefaultMavenResourcesFiltering - skip non existing resourceDirectory C:\Users\nakka\OneDrive\Desktop\cozystay\cozystay\backend\cozystay-backend\cozystay1\src\test\resources
2025-11-26 23:30:56,626 [Worker-28: Building] INFO  o.a.m.s.f.DefaultMavenResourcesFiltering - Copying 0 resource from src\main\resources to target\classes
2025-11-26 23:30:56,632 [Worker-28: Building] INFO  o.a.m.s.f.DefaultMavenResourcesFiltering - Copying 0 resource from src\main\resources to target\classes
2025-11-26 23:30:56,640 [Worker-28: Building] INFO  o.a.m.s.f.DefaultMavenResourcesFiltering - skip non existing resourceDirectory C:\Users\nakka\OneDrive\Desktop\cozystay\cozystay\backend\cozystay-backend\cozystay1\src\test\resources
2025-11-26 23:36:31,425 [Worker-28: Building] INFO  o.a.m.s.f.DefaultMavenResourcesFiltering - Copying 0 resource from src\main\resources to target\classes
2025-11-26 23:36:31,432 [Worker-28: Building] INFO  o.a.m.s.f.DefaultMavenResourcesFiltering - Copying 0 resource from src\main\resources to target\classes
2025-11-26 23:36:31,443 [Worker-28: Building] INFO  o.a.m.s.f.DefaultMavenResourcesFiltering - skip non existing resourceDirectory C:\Users\nakka\OneDrive\Desktop\cozystay\cozystay\backend\cozystay-backend\cozystay1\src\test\resources
2025-11-26 23:38:46,317 [Worker-30: Building] INFO  o.a.m.s.f.DefaultMavenResourcesFiltering - Copying 0 resource from src\main\resources to target\classes
2025-11-26 23:38:46,322 [Worker-30: Building] INFO  o.a.m.s.f.DefaultMavenResourcesFiltering - Copying 0 resource from src\main\resources to target\classes
2025-11-26 23:38:46,331 [Worker-30: Building] INFO  o.a.m.s.f.DefaultMavenResourcesFiltering - skip non existing resourceDirectory C:\Users\nakka\OneDrive\Desktop\cozystay\cozystay\backend\cozystay-backend\cozystay1\src\test\resources
2025-11-26 23:40:58,835 [Worker-25: Building] INFO  o.a.m.s.f.DefaultMavenResourcesFiltering - Copying 0 resource from src\main\resources to target\classes
2025-11-26 23:40:58,841 [Worker-25: Building] INFO  o.a.m.s.f.DefaultMavenResourcesFiltering - Copying 0 resource from src\main\resources to target\classes
2025-11-26 23:40:58,855 [Worker-25: Building] INFO  o.a.m.s.f.DefaultMavenResourcesFiltering - skip non existing resourceDirectory C:\Users\nakka\OneDrive\Desktop\cozystay\cozystay\backend\cozystay-backend\cozystay1\src\test\resources
2025-11-26 23:56:11,282 [Worker-25: Building] INFO  o.a.m.s.f.DefaultMavenResourcesFiltering - Copying 0 resource from src\main\resources to target\classes
2025-11-26 23:56:11,286 [Worker-25: Building] INFO  o.a.m.s.f.DefaultMavenResourcesFiltering - Copying 0 resource from src\main\resources to target\classes
2025-11-26 23:56:11,293 [Worker-25: Building] INFO  o.a.m.s.f.DefaultMavenResourcesFiltering - skip non existing resourceDirectory C:\Users\nakka\OneDrive\Desktop\cozystay\cozystay\backend\cozystay-backend\cozystay1\src\test\resources
2025-11-26 23:56:32,571 [Worker-29: Building] INFO  o.a.m.s.f.DefaultMavenResourcesFiltering - Copying 0 resource from src\main\resources to target\classes
2025-11-26 23:56:32,574 [Worker-29: Building] INFO  o.a.m.s.f.DefaultMavenResourcesFiltering - Copying 0 resource from src\main\resources to target\classes
2025-11-26 23:56:32,583 [Worker-29: Building] INFO  o.a.m.s.f.DefaultMavenResourcesFiltering - skip non existing resourceDirectory C:\Users\nakka\OneDrive\Desktop\cozystay\cozystay\backend\cozystay-backend\cozystay1\src\test\resources
2025-11-26 23:57:05,232 [Worker-25: Building] INFO  o.a.m.s.f.DefaultMavenResourcesFiltering - Copying 0 resource from src\main\resources to target\classes
2025-11-26 23:57:05,238 [Worker-25: Building] INFO  o.a.m.s.f.DefaultMavenResourcesFiltering - Copying 0 resource from src\main\resources to target\classes
2025-11-26 23:57:05,247 [Worker-25: Building] INFO  o.a.m.s.f.DefaultMavenResourcesFiltering - skip non existing resourceDirectory C:\Users\nakka\OneDrive\Desktop\cozystay\cozystay\backend\cozystay-backend\cozystay1\src\test\resources
2025-11-26 23:57:17,910 [Worker-26: Building] INFO  o.a.m.s.f.DefaultMavenResourcesFiltering - Copying 0 resource from src\main\resources to target\classes
2025-11-26 23:57:17,915 [Worker-26: Building] INFO  o.a.m.s.f.DefaultMavenResourcesFiltering - Copying 0 resource from src\main\resources to target\classes
2025-11-26 23:57:17,924 [Worker-26: Building] INFO  o.a.m.s.f.DefaultMavenResourcesFiltering - skip non existing resourceDirectory C:\Users\nakka\OneDrive\Desktop\cozystay\cozystay\backend\cozystay-backend\cozystay1\src\test\resources
2025-11-26 23:57:45,441 [Worker-27: Building] INFO  o.a.m.s.f.DefaultMavenResourcesFiltering - Copying 0 resource from src\main\resources to target\classes
2025-11-26 23:57:45,444 [Worker-27: Building] INFO  o.a.m.s.f.DefaultMavenResourcesFiltering - Copying 0 resource from src\main\resources to target\classes
2025-11-26 23:57:45,452 [Worker-27: Building] INFO  o.a.m.s.f.DefaultMavenResourcesFiltering - skip non existing resourceDirectory C:\Users\nakka\OneDrive\Desktop\cozystay\cozystay\backend\cozystay-backend\cozystay1\src\test\resources
2025-11-26 23:57:55,380 [Worker-25: Building] INFO  o.a.m.s.f.DefaultMavenResourcesFiltering - Copying 0 resource from src\main\resources to target\classes
2025-11-26 23:57:55,384 [Worker-25: Building] INFO  o.a.m.s.f.DefaultMavenResourcesFiltering - Copying 0 resource from src\main\resources to target\classes
2025-11-26 23:57:55,393 [Worker-25: Building] INFO  o.a.m.s.f.DefaultMavenResourcesFiltering - skip non existing resourceDirectory C:\Users\nakka\OneDrive\Desktop\cozystay\cozystay\backend\cozystay-backend\cozystay1\src\test\resources
2025-11-26 23:58:24,440 [Worker-27: Building] INFO  o.a.m.s.f.DefaultMavenResourcesFiltering - Copying 0 resource from src\main\resources to target\classes
2025-11-26 23:58:24,447 [Worker-27: Building] INFO  o.a.m.s.f.DefaultMavenResourcesFiltering - Copying 0 resource from src\main\resources to target\classes
2025-11-26 23:58:24,457 [Worker-27: Building] INFO  o.a.m.s.f.DefaultMavenResourcesFiltering - skip non existing resourceDirectory C:\Users\nakka\OneDrive\Desktop\cozystay\cozystay\backend\cozystay-backend\cozystay1\src\test\resources
2025-11-26 23:58:36,299 [Worker-29: Building] INFO  o.a.m.s.f.DefaultMavenResourcesFiltering - Copying 0 resource from src\main\resources to target\classes
2025-11-26 23:58:36,302 [Worker-29: Building] INFO  o.a.m.s.f.DefaultMavenResourcesFiltering - Copying 0 resource from src\main\resources to target\classes
2025-11-26 23:58:36,308 [Worker-29: Building] INFO  o.a.m.s.f.DefaultMavenResourcesFiltering - skip non existing resourceDirectory C:\Users\nakka\OneDrive\Desktop\cozystay\cozystay\backend\cozystay-backend\cozystay1\src\test\resources
2025-11-26 23:58:54,236 [Worker-27: Building] INFO  o.a.m.s.f.DefaultMavenResourcesFiltering - Copying 0 resource from src\main\resources to target\classes
2025-11-26 23:58:54,240 [Worker-27: Building] INFO  o.a.m.s.f.DefaultMavenResourcesFiltering - Copying 0 resource from src\main\resources to target\classes
2025-11-26 23:58:54,249 [Worker-27: Building] INFO  o.a.m.s.f.DefaultMavenResourcesFiltering - skip non existing resourceDirectory C:\Users\nakka\OneDrive\Desktop\cozystay\cozystay\backend\cozystay-backend\cozystay1\src\test\resources
2025-11-27 00:18:14,602 [Worker-10: Building] INFO  o.a.m.s.f.DefaultMavenResourcesFiltering - Copying 0 resource from src\main\resources to target\classes
2025-11-27 00:18:14,606 [Worker-10: Building] INFO  o.a.m.s.f.DefaultMavenResourcesFiltering - Copying 0 resource from src\main\resources to target\classes
2025-11-27 00:18:14,614 [Worker-10: Building] INFO  o.a.m.s.f.DefaultMavenResourcesFiltering - skip non existing resourceDirectory C:\Users\nakka\OneDrive\Desktop\cozystay\cozystay\backend\cozystay-backend\cozystay1\src\test\resources
2025-11-27 00:18:20,400 [Worker-27: Building] INFO  o.a.m.s.f.DefaultMavenResourcesFiltering - Copying 0 resource from src\main\resources to target\classes
2025-11-27 00:18:20,402 [Worker-27: Building] INFO  o.a.m.s.f.DefaultMavenResourcesFiltering - Copying 0 resource from src\main\resources to target\classes
2025-11-27 00:18:20,408 [Worker-27: Building] INFO  o.a.m.s.f.DefaultMavenResourcesFiltering - skip non existing resourceDirectory C:\Users\nakka\OneDrive\Desktop\cozystay\cozystay\backend\cozystay-backend\cozystay1\src\test\resources
2025-11-27 00:25:44,704 [Worker-29: Building] INFO  o.a.m.s.f.DefaultMavenResourcesFiltering - Copying 0 resource from src\main\resources to target\classes
2025-11-27 00:25:44,708 [Worker-29: Building] INFO  o.a.m.s.f.DefaultMavenResourcesFiltering - Copying 0 resource from src\main\resources to target\classes
2025-11-27 00:25:44,717 [Worker-29: Building] INFO  o.a.m.s.f.DefaultMavenResourcesFiltering - skip non existing resourceDirectory C:\Users\nakka\OneDrive\Desktop\cozystay\cozystay\backend\cozystay-backend\cozystay1\src\test\resources
2025-11-27 00:25:57,482 [Worker-28: Building] INFO  o.a.m.s.f.DefaultMavenResourcesFiltering - Copying 0 resource from src\main\resources to target\classes
2025-11-27 00:25:57,486 [Worker-28: Building] INFO  o.a.m.s.f.DefaultMavenResourcesFiltering - Copying 0 resource from src\main\resources to target\classes
2025-11-27 00:25:57,494 [Worker-28: Building] INFO  o.a.m.s.f.DefaultMavenResourcesFiltering - skip non existing resourceDirectory C:\Users\nakka\OneDrive\Desktop\cozystay\cozystay\backend\cozystay-backend\cozystay1\src\test\resources
2025-11-27 00:26:30,378 [Worker-29: Building] INFO  o.a.m.s.f.DefaultMavenResourcesFiltering - Copying 0 resource from src\main\resources to target\classes
2025-11-27 00:26:30,382 [Worker-29: Building] INFO  o.a.m.s.f.DefaultMavenResourcesFiltering - Copying 0 resource from src\main\resources to target\classes
2025-11-27 00:26:30,393 [Worker-29: Building] INFO  o.a.m.s.f.DefaultMavenResourcesFiltering - skip non existing resourceDirectory C:\Users\nakka\OneDrive\Desktop\cozystay\cozystay\backend\cozystay-backend\cozystay1\src\test\resources
2025-11-27 00:26:37,370 [Worker-25: Building] INFO  o.a.m.s.f.DefaultMavenResourcesFiltering - Copying 0 resource from src\main\resources to target\classes
2025-11-27 00:26:37,372 [Worker-25: Building] INFO  o.a.m.s.f.DefaultMavenResourcesFiltering - Copying 0 resource from src\main\resources to target\classes
2025-11-27 00:26:37,381 [Worker-25: Building] INFO  o.a.m.s.f.DefaultMavenResourcesFiltering - skip non existing resourceDirectory C:\Users\nakka\OneDrive\Desktop\cozystay\cozystay\backend\cozystay-backend\cozystay1\src\test\resources
2025-11-27 00:36:21,724 [Worker-4: Loading available Gradle versions] INFO  o.e.b.c.i.u.g.PublishedGradleVersions - Gradle version information cache is up-to-date. Trying to read.
2025-11-27 00:51:49,391 [Worker-4: Building] INFO  o.a.m.s.f.DefaultMavenResourcesFiltering - Copying 1 resource from src\main\resources to target\classes
2025-11-27 00:51:49,553 [Worker-4: Building] INFO  o.a.m.s.f.DefaultMavenResourcesFiltering - Copying 0 resource from src\main\resources to target\classes
2025-11-27 00:51:49,589 [Worker-4: Building] INFO  o.a.m.s.f.DefaultMavenResourcesFiltering - skip non existing resourceDirectory C:\Users\nakka\OneDrive\Desktop\cozystay\cozystay\backend\cozystay-backend\cozystay1\src\test\resources
2025-11-27 01:00:00,472 [Worker-5: Building] INFO  o.a.m.s.f.DefaultMavenResourcesFiltering - Copying 0 resource from src\main\resources to target\classes
2025-11-27 01:00:00,479 [Worker-5: Building] INFO  o.a.m.s.f.DefaultMavenResourcesFiltering - Copying 0 resource from src\main\resources to target\classes
2025-11-27 01:00:00,490 [Worker-5: Building] INFO  o.a.m.s.f.DefaultMavenResourcesFiltering - skip non existing resourceDirectory C:\Users\nakka\OneDrive\Desktop\cozystay\cozystay\backend\cozystay-backend\cozystay1\src\test\resources
2025-11-27 01:06:25,584 [Worker-5: Launching cozystay1 - Cozystay1Application] INFO  o.a.m.s.f.DefaultMavenResourcesFiltering - Copying 0 resource from src\main\resources to target\classes
2025-11-27 01:06:25,591 [Worker-5: Launching cozystay1 - Cozystay1Application] INFO  o.a.m.s.f.DefaultMavenResourcesFiltering - Copying 0 resource from src\main\resources to target\classes
2025-11-27 01:06:25,603 [Worker-5: Launching cozystay1 - Cozystay1Application] INFO  o.a.m.s.f.DefaultMavenResourcesFiltering - skip non existing resourceDirectory C:\Users\nakka\OneDrive\Desktop\cozystay\cozystay\backend\cozystay-backend\cozystay1\src\test\resources
2025-11-27 01:16:35,212 [Worker-5: Building] INFO  o.a.m.s.f.DefaultMavenResourcesFiltering - Copying 1 resource from src\main\resources to target\classes
2025-11-27 01:16:35,234 [Worker-5: Building] INFO  o.a.m.s.f.DefaultMavenResourcesFiltering - Copying 0 resource from src\main\resources to target\classes
2025-11-27 01:16:35,248 [Worker-5: Building] INFO  o.a.m.s.f.DefaultMavenResourcesFiltering - skip non existing resourceDirectory C:\Users\nakka\OneDrive\Desktop\cozystay\cozystay\backend\cozystay-backend\cozystay1\src\test\resources
2025-11-27 01:21:32,324 [Worker-16: Building] INFO  o.a.m.s.f.DefaultMavenResourcesFiltering - Copying 1 resource from src\main\resources to target\classes
2025-11-27 01:21:32,345 [Worker-16: Building] INFO  o.a.m.s.f.DefaultMavenResourcesFiltering - Copying 0 resource from src\main\resources to target\classes
2025-11-27 01:21:32,354 [Worker-16: Building] INFO  o.a.m.s.f.DefaultMavenResourcesFiltering - skip non existing resourceDirectory C:\Users\nakka\OneDrive\Desktop\cozystay\cozystay\backend\cozystay-backend\cozystay1\src\test\resources
2025-11-27 01:28:57,212 [Worker-14: Building] INFO  o.a.m.s.f.DefaultMavenResourcesFiltering - Copying 0 resource from src\main\resources to target\classes
2025-11-27 01:28:57,218 [Worker-14: Building] INFO  o.a.m.s.f.DefaultMavenResourcesFiltering - Copying 0 resource from src\main\resources to target\classes
2025-11-27 01:28:57,228 [Worker-14: Building] INFO  o.a.m.s.f.DefaultMavenResourcesFiltering - skip non existing resourceDirectory C:\Users\nakka\OneDrive\Desktop\cozystay\cozystay\backend\cozystay-backend\cozystay1\src\test\resources
2025-11-27 01:32:50,382 [Worker-16: Building] INFO  o.a.m.s.f.DefaultMavenResourcesFiltering - Copying 0 resource from src\main\resources to target\classes
2025-11-27 01:32:50,385 [Worker-16: Building] INFO  o.a.m.s.f.DefaultMavenResourcesFiltering - Copying 0 resource from src\main\resources to target\classes
2025-11-27 01:32:50,392 [Worker-16: Building] INFO  o.a.m.s.f.DefaultMavenResourcesFiltering - skip non existing resourceDirectory C:\Users\nakka\OneDrive\Desktop\cozystay\cozystay\backend\cozystay-backend\cozystay1\src\test\resources
2025-11-27 01:37:01,951 [Worker-14: Building] INFO  o.a.m.s.f.DefaultMavenResourcesFiltering - Copying 0 resource from src\main\resources to target\classes
2025-11-27 01:37:01,954 [Worker-14: Building] INFO  o.a.m.s.f.DefaultMavenResourcesFiltering - Copying 0 resource from src\main\resources to target\classes
2025-11-27 01:37:01,967 [Worker-14: Building] INFO  o.a.m.s.f.DefaultMavenResourcesFiltering - skip non existing resourceDirectory C:\Users\nakka\OneDrive\Desktop\cozystay\cozystay\backend\cozystay-backend\cozystay1\src\test\resources
2025-11-27 01:39:15,303 [Worker-16: Building] INFO  o.a.m.s.f.DefaultMavenResourcesFiltering - Copying 0 resource from src\main\resources to target\classes
2025-11-27 01:39:15,307 [Worker-16: Building] INFO  o.a.m.s.f.DefaultMavenResourcesFiltering - Copying 0 resource from src\main\resources to target\classes
2025-11-27 01:39:15,314 [Worker-16: Building] INFO  o.a.m.s.f.DefaultMavenResourcesFiltering - skip non existing resourceDirectory C:\Users\nakka\OneDrive\Desktop\cozystay\cozystay\backend\cozystay-backend\cozystay1\src\test\resources
2025-11-27 01:39:43,435 [Worker-16: Building] INFO  o.a.m.s.f.DefaultMavenResourcesFiltering - Copying 0 resource from src\main\resources to target\classes
2025-11-27 01:39:43,440 [Worker-16: Building] INFO  o.a.m.s.f.DefaultMavenResourcesFiltering - Copying 0 resource from src\main\resources to target\classes
2025-11-27 01:39:43,450 [Worker-16: Building] INFO  o.a.m.s.f.DefaultMavenResourcesFiltering - skip non existing resourceDirectory C:\Users\nakka\OneDrive\Desktop\cozystay\cozystay\backend\cozystay-backend\cozystay1\src\test\resources
2025-11-27 01:40:16,019 [Worker-16: Building] INFO  o.a.m.s.f.DefaultMavenResourcesFiltering - Copying 0 resource from src\main\resources to target\classes
2025-11-27 01:40:16,024 [Worker-16: Building] INFO  o.a.m.s.f.DefaultMavenResourcesFiltering - Copying 0 resource from src\main\resources to target\classes
2025-11-27 01:40:16,030 [Worker-16: Building] INFO  o.a.m.s.f.DefaultMavenResourcesFiltering - skip non existing resourceDirectory C:\Users\nakka\OneDrive\Desktop\cozystay\cozystay\backend\cozystay-backend\cozystay1\src\test\resources
2025-11-27 01:59:57,087 [Worker-6: Loading available Gradle versions] INFO  o.e.b.c.i.u.g.PublishedGradleVersions - Gradle version information cache is up-to-date. Trying to read.
2025-11-27 02:01:10,806 [Worker-2: Building] INFO  o.a.m.s.f.DefaultMavenResourcesFiltering - Copying 1 resource from src\main\resources to target\classes
2025-11-27 02:01:10,881 [Worker-2: Building] INFO  o.a.m.s.f.DefaultMavenResourcesFiltering - Copying 0 resource from src\main\resources to target\classes
2025-11-27 02:01:10,901 [Worker-2: Building] INFO  o.a.m.s.f.DefaultMavenResourcesFiltering - skip non existing resourceDirectory C:\Users\nakka\OneDrive\Desktop\cozystay\cozystay\backend\cozystay-backend\cozystay1\src\test\resources
2025-11-27 02:08:39,334 [Worker-7: Building] INFO  o.a.m.s.f.DefaultMavenResourcesFiltering - Copying 1 resource from src\main\resources to target\classes
2025-11-27 02:08:39,369 [Worker-7: Building] INFO  o.a.m.s.f.DefaultMavenResourcesFiltering - Copying 0 resource from src\main\resources to target\classes
2025-11-27 02:08:39,385 [Worker-7: Building] INFO  o.a.m.s.f.DefaultMavenResourcesFiltering - skip non existing resourceDirectory C:\Users\nakka\OneDrive\Desktop\cozystay\cozystay\backend\cozystay-backend\cozystay1\src\test\resources
2025-11-27 02:09:04,276 [Worker-5: Building] INFO  o.a.m.s.f.DefaultMavenResourcesFiltering - Copying 1 resource from src\main\resources to target\classes
2025-11-27 02:09:04,297 [Worker-5: Building] INFO  o.a.m.s.f.DefaultMavenResourcesFiltering - Copying 0 resource from src\main\resources to target\classes
2025-11-27 02:09:04,308 [Worker-5: Building] INFO  o.a.m.s.f.DefaultMavenResourcesFiltering - skip non existing resourceDirectory C:\Users\nakka\OneDrive\Desktop\cozystay\cozystay\backend\cozystay-backend\cozystay1\src\test\resources
2025-11-27 02:10:21,552 [Worker-14: Building] INFO  o.a.m.s.f.DefaultMavenResourcesFiltering - Copying 1 resource from src\main\resources to target\classes
2025-11-27 02:10:21,573 [Worker-14: Building] INFO  o.a.m.s.f.DefaultMavenResourcesFiltering - Copying 0 resource from src\main\resources to target\classes
2025-11-27 02:10:21,587 [Worker-14: Building] INFO  o.a.m.s.f.DefaultMavenResourcesFiltering - skip non existing resourceDirectory C:\Users\nakka\OneDrive\Desktop\cozystay\cozystay\backend\cozystay-backend\cozystay1\src\test\resources
2025-11-27 15:40:17,727 [Worker-6: Loading available Gradle versions] INFO  o.e.b.c.i.u.g.PublishedGradleVersions - Gradle version information cache is up-to-date. Trying to read.
2025-11-27 15:40:51,145 [Worker-10: Launching Executing clean in C__Users_nakka_OneDrive_Desktop_cozystay_cozystay_backend_cozystay-backend_cozystay1] INFO  o.eclipse.m2e.core.internal.Bundles - getClasspathEntries(Bundle=org.eclipse.m2e.maven.runtime_3.9.900.20240824-1409 [364])
2025-11-27 15:40:51,152 [Worker-10: Launching Executing clean in C__Users_nakka_OneDrive_Desktop_cozystay_cozystay_backend_cozystay-backend_cozystay1] INFO  o.eclipse.m2e.core.internal.Bundles - 	Entry: C:\Users\nakka\OneDrive\Desktop\spring\sts-4.28.0.RELEASE\plugins\org.eclipse.m2e.maven.runtime_3.9.900.20240824-1409
2025-11-27 15:40:51,153 [Worker-10: Launching Executing clean in C__Users_nakka_OneDrive_Desktop_cozystay_cozystay_backend_cozystay-backend_cozystay1] INFO  o.eclipse.m2e.core.internal.Bundles - 	Entry: C:\Users\nakka\OneDrive\Desktop\spring\sts-4.28.0.RELEASE\plugins\org.eclipse.m2e.maven.runtime_3.9.900.20240824-1409\jars\aopalliance-1.0.jar
2025-11-27 15:40:51,155 [Worker-10: Launching Executing clean in C__Users_nakka_OneDrive_Desktop_cozystay_cozystay_backend_cozystay-backend_cozystay1] INFO  o.eclipse.m2e.core.internal.Bundles - 	Entry: C:\Users\nakka\OneDrive\Desktop\spring\sts-4.28.0.RELEASE\plugins\org.eclipse.m2e.maven.runtime_3.9.900.20240824-1409\jars\guice-5.1.0.jar
2025-11-27 15:40:51,155 [Worker-10: Launching Executing clean in C__Users_nakka_OneDrive_Desktop_cozystay_cozystay_backend_cozystay-backend_cozystay1] INFO  o.eclipse.m2e.core.internal.Bundles - 	Entry: C:\Users\nakka\OneDrive\Desktop\spring\sts-4.28.0.RELEASE\plugins\org.eclipse.m2e.maven.runtime_3.9.900.20240824-1409\jars\httpclient-4.5.14.jar
2025-11-27 15:40:51,156 [Worker-10: Launching Executing clean in C__Users_nakka_OneDrive_Desktop_cozystay_cozystay_backend_cozystay-backend_cozystay1] INFO  o.eclipse.m2e.core.internal.Bundles - 	Entry: C:\Users\nakka\OneDrive\Desktop\spring\sts-4.28.0.RELEASE\plugins\org.eclipse.m2e.maven.runtime_3.9.900.20240824-1409\jars\httpcore-4.4.16.jar
2025-11-27 15:40:51,156 [Worker-10: Launching Executing clean in C__Users_nakka_OneDrive_Desktop_cozystay_cozystay_backend_cozystay-backend_cozystay1] INFO  o.eclipse.m2e.core.internal.Bundles - 	Entry: C:\Users\nakka\OneDrive\Desktop\spring\sts-4.28.0.RELEASE\plugins\org.eclipse.m2e.maven.runtime_3.9.900.20240824-1409\jars\jansi-2.4.1.jar
2025-11-27 15:40:51,157 [Worker-10: Launching Executing clean in C__Users_nakka_OneDrive_Desktop_cozystay_cozystay_backend_cozystay-backend_cozystay1] INFO  o.eclipse.m2e.core.internal.Bundles - 	Entry: C:\Users\nakka\OneDrive\Desktop\spring\sts-4.28.0.RELEASE\plugins\org.eclipse.m2e.maven.runtime_3.9.900.20240824-1409\jars\jcl-over-slf4j-1.7.36.jar
2025-11-27 15:40:51,158 [Worker-10: Launching Executing clean in C__Users_nakka_OneDrive_Desktop_cozystay_cozystay_backend_cozystay-backend_cozystay1] INFO  o.eclipse.m2e.core.internal.Bundles - 	Entry: C:\Users\nakka\OneDrive\Desktop\spring\sts-4.28.0.RELEASE\plugins\org.eclipse.m2e.maven.runtime_3.9.900.20240824-1409\jars\maven-artifact-3.9.9.jar
2025-11-27 15:40:51,158 [Worker-10: Launching Executing clean in C__Users_nakka_OneDrive_Desktop_cozystay_cozystay_backend_cozystay-backend_cozystay1] INFO  o.eclipse.m2e.core.internal.Bundles - 	Entry: C:\Users\nakka\OneDrive\Desktop\spring\sts-4.28.0.RELEASE\plugins\org.eclipse.m2e.maven.runtime_3.9.900.20240824-1409\jars\maven-builder-support-3.9.9.jar
2025-11-27 15:40:51,159 [Worker-10: Launching Executing clean in C__Users_nakka_OneDrive_Desktop_cozystay_cozystay_backend_cozystay-backend_cozystay1] INFO  o.eclipse.m2e.core.internal.Bundles - 	Entry: C:\Users\nakka\OneDrive\Desktop\spring\sts-4.28.0.RELEASE\plugins\org.eclipse.m2e.maven.runtime_3.9.900.20240824-1409\jars\maven-compat-3.9.9.jar
2025-11-27 15:40:51,160 [Worker-10: Launching Executing clean in C__Users_nakka_OneDrive_Desktop_cozystay_cozystay_backend_cozystay-backend_cozystay1] INFO  o.eclipse.m2e.core.internal.Bundles - 	Entry: C:\Users\nakka\OneDrive\Desktop\spring\sts-4.28.0.RELEASE\plugins\org.eclipse.m2e.maven.runtime_3.9.900.20240824-1409\jars\maven-core-3.9.9.jar
2025-11-27 15:40:51,161 [Worker-10: Launching Executing clean in C__Users_nakka_OneDrive_Desktop_cozystay_cozystay_backend_cozystay-backend_cozystay1] INFO  o.eclipse.m2e.core.internal.Bundles - 	Entry: C:\Users\nakka\OneDrive\Desktop\spring\sts-4.28.0.RELEASE\plugins\org.eclipse.m2e.maven.runtime_3.9.900.20240824-1409\jars\maven-embedder-3.9.9.jar
2025-11-27 15:40:51,162 [Worker-10: Launching Executing clean in C__Users_nakka_OneDrive_Desktop_cozystay_cozystay_backend_cozystay-backend_cozystay1] INFO  o.eclipse.m2e.core.internal.Bundles - 	Entry: C:\Users\nakka\OneDrive\Desktop\spring\sts-4.28.0.RELEASE\plugins\org.eclipse.m2e.maven.runtime_3.9.900.20240824-1409\jars\maven-model-3.9.9.jar
2025-11-27 15:40:51,162 [Worker-10: Launching Executing clean in C__Users_nakka_OneDrive_Desktop_cozystay_cozystay_backend_cozystay-backend_cozystay1] INFO  o.eclipse.m2e.core.internal.Bundles - 	Entry: C:\Users\nakka\OneDrive\Desktop\spring\sts-4.28.0.RELEASE\plugins\org.eclipse.m2e.maven.runtime_3.9.900.20240824-1409\jars\maven-model-builder-3.9.9.jar
2025-11-27 15:40:51,163 [Worker-10: Launching Executing clean in C__Users_nakka_OneDrive_Desktop_cozystay_cozystay_backend_cozystay-backend_cozystay1] INFO  o.eclipse.m2e.core.internal.Bundles - 	Entry: C:\Users\nakka\OneDrive\Desktop\spring\sts-4.28.0.RELEASE\plugins\org.eclipse.m2e.maven.runtime_3.9.900.20240824-1409\jars\maven-plugin-api-3.9.9.jar
2025-11-27 15:40:51,164 [Worker-10: Launching Executing clean in C__Users_nakka_OneDrive_Desktop_cozystay_cozystay_backend_cozystay-backend_cozystay1] INFO  o.eclipse.m2e.core.internal.Bundles - 	Entry: C:\Users\nakka\OneDrive\Desktop\spring\sts-4.28.0.RELEASE\plugins\org.eclipse.m2e.maven.runtime_3.9.900.20240824-1409\jars\maven-repository-metadata-3.9.9.jar
2025-11-27 15:40:51,165 [Worker-10: Launching Executing clean in C__Users_nakka_OneDrive_Desktop_cozystay_cozystay_backend_cozystay-backend_cozystay1] INFO  o.eclipse.m2e.core.internal.Bundles - 	Entry: C:\Users\nakka\OneDrive\Desktop\spring\sts-4.28.0.RELEASE\plugins\org.eclipse.m2e.maven.runtime_3.9.900.20240824-1409\jars\maven-resolver-api-1.9.22.jar
2025-11-27 15:40:51,165 [Worker-10: Launching Executing clean in C__Users_nakka_OneDrive_Desktop_cozystay_cozystay_backend_cozystay-backend_cozystay1] INFO  o.eclipse.m2e.core.internal.Bundles - 	Entry: C:\Users\nakka\OneDrive\Desktop\spring\sts-4.28.0.RELEASE\plugins\org.eclipse.m2e.maven.runtime_3.9.900.20240824-1409\jars\maven-resolver-connector-basic-1.9.22.jar
2025-11-27 15:40:51,166 [Worker-10: Launching Executing clean in C__Users_nakka_OneDrive_Desktop_cozystay_cozystay_backend_cozystay-backend_cozystay1] INFO  o.eclipse.m2e.core.internal.Bundles - 	Entry: C:\Users\nakka\OneDrive\Desktop\spring\sts-4.28.0.RELEASE\plugins\org.eclipse.m2e.maven.runtime_3.9.900.20240824-1409\jars\maven-resolver-impl-1.9.22.jar
2025-11-27 15:40:51,166 [Worker-10: Launching Executing clean in C__Users_nakka_OneDrive_Desktop_cozystay_cozystay_backend_cozystay-backend_cozystay1] INFO  o.eclipse.m2e.core.internal.Bundles - 	Entry: C:\Users\nakka\OneDrive\Desktop\spring\sts-4.28.0.RELEASE\plugins\org.eclipse.m2e.maven.runtime_3.9.900.20240824-1409\jars\maven-resolver-named-locks-1.9.22.jar
2025-11-27 15:40:51,167 [Worker-10: Launching Executing clean in C__Users_nakka_OneDrive_Desktop_cozystay_cozystay_backend_cozystay-backend_cozystay1] INFO  o.eclipse.m2e.core.internal.Bundles - 	Entry: C:\Users\nakka\OneDrive\Desktop\spring\sts-4.28.0.RELEASE\plugins\org.eclipse.m2e.maven.runtime_3.9.900.20240824-1409\jars\maven-resolver-provider-3.9.9.jar
2025-11-27 15:40:51,168 [Worker-10: Launching Executing clean in C__Users_nakka_OneDrive_Desktop_cozystay_cozystay_backend_cozystay-backend_cozystay1] INFO  o.eclipse.m2e.core.internal.Bundles - 	Entry: C:\Users\nakka\OneDrive\Desktop\spring\sts-4.28.0.RELEASE\plugins\org.eclipse.m2e.maven.runtime_3.9.900.20240824-1409\jars\maven-resolver-spi-1.9.22.jar
2025-11-27 15:40:51,168 [Worker-10: Launching Executing clean in C__Users_nakka_OneDrive_Desktop_cozystay_cozystay_backend_cozystay-backend_cozystay1] INFO  o.eclipse.m2e.core.internal.Bundles - 	Entry: C:\Users\nakka\OneDrive\Desktop\spring\sts-4.28.0.RELEASE\plugins\org.eclipse.m2e.maven.runtime_3.9.900.20240824-1409\jars\maven-resolver-transport-file-1.9.22.jar
2025-11-27 15:40:51,168 [Worker-10: Launching Executing clean in C__Users_nakka_OneDrive_Desktop_cozystay_cozystay_backend_cozystay-backend_cozystay1] INFO  o.eclipse.m2e.core.internal.Bundles - 	Entry: C:\Users\nakka\OneDrive\Desktop\spring\sts-4.28.0.RELEASE\plugins\org.eclipse.m2e.maven.runtime_3.9.900.20240824-1409\jars\maven-resolver-transport-http-1.9.22.jar
2025-11-27 15:40:51,170 [Worker-10: Launching Executing clean in C__Users_nakka_OneDrive_Desktop_cozystay_cozystay_backend_cozystay-backend_cozystay1] INFO  o.eclipse.m2e.core.internal.Bundles - 	Entry: C:\Users\nakka\OneDrive\Desktop\spring\sts-4.28.0.RELEASE\plugins\org.eclipse.m2e.maven.runtime_3.9.900.20240824-1409\jars\maven-resolver-transport-wagon-1.9.22.jar
2025-11-27 15:40:51,171 [Worker-10: Launching Executing clean in C__Users_nakka_OneDrive_Desktop_cozystay_cozystay_backend_cozystay-backend_cozystay1] INFO  o.eclipse.m2e.core.internal.Bundles - 	Entry: C:\Users\nakka\OneDrive\Desktop\spring\sts-4.28.0.RELEASE\plugins\org.eclipse.m2e.maven.runtime_3.9.900.20240824-1409\jars\maven-resolver-util-1.9.22.jar
2025-11-27 15:40:51,172 [Worker-10: Launching Executing clean in C__Users_nakka_OneDrive_Desktop_cozystay_cozystay_backend_cozystay-backend_cozystay1] INFO  o.eclipse.m2e.core.internal.Bundles - 	Entry: C:\Users\nakka\OneDrive\Desktop\spring\sts-4.28.0.RELEASE\plugins\org.eclipse.m2e.maven.runtime_3.9.900.20240824-1409\jars\maven-settings-3.9.9.jar
2025-11-27 15:40:51,172 [Worker-10: Launching Executing clean in C__Users_nakka_OneDrive_Desktop_cozystay_cozystay_backend_cozystay-backend_cozystay1] INFO  o.eclipse.m2e.core.internal.Bundles - 	Entry: C:\Users\nakka\OneDrive\Desktop\spring\sts-4.28.0.RELEASE\plugins\org.eclipse.m2e.maven.runtime_3.9.900.20240824-1409\jars\maven-settings-builder-3.9.9.jar
2025-11-27 15:40:51,173 [Worker-10: Launching Executing clean in C__Users_nakka_OneDrive_Desktop_cozystay_cozystay_backend_cozystay-backend_cozystay1] INFO  o.eclipse.m2e.core.internal.Bundles - 	Entry: C:\Users\nakka\OneDrive\Desktop\spring\sts-4.28.0.RELEASE\plugins\org.eclipse.m2e.maven.runtime_3.9.900.20240824-1409\jars\maven-shared-utils-3.4.2.jar
2025-11-27 15:40:51,173 [Worker-10: Launching Executing clean in C__Users_nakka_OneDrive_Desktop_cozystay_cozystay_backend_cozystay-backend_cozystay1] INFO  o.eclipse.m2e.core.internal.Bundles - 	Entry: C:\Users\nakka\OneDrive\Desktop\spring\sts-4.28.0.RELEASE\plugins\org.eclipse.m2e.maven.runtime_3.9.900.20240824-1409\jars\org.eclipse.sisu.inject-0.9.0.M3.jar
2025-11-27 15:40:51,173 [Worker-10: Launching Executing clean in C__Users_nakka_OneDrive_Desktop_cozystay_cozystay_backend_cozystay-backend_cozystay1] INFO  o.eclipse.m2e.core.internal.Bundles - 	Entry: C:\Users\nakka\OneDrive\Desktop\spring\sts-4.28.0.RELEASE\plugins\org.eclipse.m2e.maven.runtime_3.9.900.20240824-1409\jars\org.eclipse.sisu.plexus-0.9.0.M3.jar
2025-11-27 15:40:51,174 [Worker-10: Launching Executing clean in C__Users_nakka_OneDrive_Desktop_cozystay_cozystay_backend_cozystay-backend_cozystay1] INFO  o.eclipse.m2e.core.internal.Bundles - 	Entry: C:\Users\nakka\OneDrive\Desktop\spring\sts-4.28.0.RELEASE\plugins\org.eclipse.m2e.maven.runtime_3.9.900.20240824-1409\jars\plexus-build-api-0.0.7.jar
2025-11-27 15:40:51,174 [Worker-10: Launching Executing clean in C__Users_nakka_OneDrive_Desktop_cozystay_cozystay_backend_cozystay-backend_cozystay1] INFO  o.eclipse.m2e.core.internal.Bundles - 	Entry: C:\Users\nakka\OneDrive\Desktop\spring\sts-4.28.0.RELEASE\plugins\org.eclipse.m2e.maven.runtime_3.9.900.20240824-1409\jars\plexus-build-api-1.2.0.jar
2025-11-27 15:40:51,174 [Worker-10: Launching Executing clean in C__Users_nakka_OneDrive_Desktop_cozystay_cozystay_backend_cozystay-backend_cozystay1] INFO  o.eclipse.m2e.core.internal.Bundles - 	Entry: C:\Users\nakka\OneDrive\Desktop\spring\sts-4.28.0.RELEASE\plugins\org.eclipse.m2e.maven.runtime_3.9.900.20240824-1409\jars\plexus-cipher-2.0.jar
2025-11-27 15:40:51,175 [Worker-10: Launching Executing clean in C__Users_nakka_OneDrive_Desktop_cozystay_cozystay_backend_cozystay-backend_cozystay1] INFO  o.eclipse.m2e.core.internal.Bundles - 	Entry: C:\Users\nakka\OneDrive\Desktop\spring\sts-4.28.0.RELEASE\plugins\org.eclipse.m2e.maven.runtime_3.9.900.20240824-1409\jars\plexus-classworlds-2.8.0.jar
2025-11-27 15:40:51,175 [Worker-10: Launching Executing clean in C__Users_nakka_OneDrive_Desktop_cozystay_cozystay_backend_cozystay-backend_cozystay1] INFO  o.eclipse.m2e.core.internal.Bundles - 	Entry: C:\Users\nakka\OneDrive\Desktop\spring\sts-4.28.0.RELEASE\plugins\org.eclipse.m2e.maven.runtime_3.9.900.20240824-1409\jars\plexus-component-annotations-2.1.0.jar
2025-11-27 15:40:51,176 [Worker-10: Launching Executing clean in C__Users_nakka_OneDrive_Desktop_cozystay_cozystay_backend_cozystay-backend_cozystay1] INFO  o.eclipse.m2e.core.internal.Bundles - 	Entry: C:\Users\nakka\OneDrive\Desktop\spring\sts-4.28.0.RELEASE\plugins\org.eclipse.m2e.maven.runtime_3.9.900.20240824-1409\jars\plexus-interpolation-1.27.jar
2025-11-27 15:40:51,176 [Worker-10: Launching Executing clean in C__Users_nakka_OneDrive_Desktop_cozystay_cozystay_backend_cozystay-backend_cozystay1] INFO  o.eclipse.m2e.core.internal.Bundles - 	Entry: C:\Users\nakka\OneDrive\Desktop\spring\sts-4.28.0.RELEASE\plugins\org.eclipse.m2e.maven.runtime_3.9.900.20240824-1409\jars\plexus-sec-dispatcher-2.0.jar
2025-11-27 15:40:51,177 [Worker-10: Launching Executing clean in C__Users_nakka_OneDrive_Desktop_cozystay_cozystay_backend_cozystay-backend_cozystay1] INFO  o.eclipse.m2e.core.internal.Bundles - 	Entry: C:\Users\nakka\OneDrive\Desktop\spring\sts-4.28.0.RELEASE\plugins\org.eclipse.m2e.maven.runtime_3.9.900.20240824-1409\jars\plexus-utils-3.5.1.jar
2025-11-27 15:40:51,177 [Worker-10: Launching Executing clean in C__Users_nakka_OneDrive_Desktop_cozystay_cozystay_backend_cozystay-backend_cozystay1] INFO  o.eclipse.m2e.core.internal.Bundles - 	Entry: C:\Users\nakka\OneDrive\Desktop\spring\sts-4.28.0.RELEASE\plugins\org.eclipse.m2e.maven.runtime_3.9.900.20240824-1409\jars\plexus-xml-3.0.1.jar
2025-11-27 15:40:51,178 [Worker-10: Launching Executing clean in C__Users_nakka_OneDrive_Desktop_cozystay_cozystay_backend_cozystay-backend_cozystay1] INFO  o.eclipse.m2e.core.internal.Bundles - 	Entry: C:\Users\nakka\OneDrive\Desktop\spring\sts-4.28.0.RELEASE\plugins\org.eclipse.m2e.maven.runtime_3.9.900.20240824-1409\jars\wagon-file-3.5.3.jar
2025-11-27 15:40:51,179 [Worker-10: Launching Executing clean in C__Users_nakka_OneDrive_Desktop_cozystay_cozystay_backend_cozystay-backend_cozystay1] INFO  o.eclipse.m2e.core.internal.Bundles - 	Entry: C:\Users\nakka\OneDrive\Desktop\spring\sts-4.28.0.RELEASE\plugins\org.eclipse.m2e.maven.runtime_3.9.900.20240824-1409\jars\wagon-http-3.5.3.jar
2025-11-27 15:40:51,179 [Worker-10: Launching Executing clean in C__Users_nakka_OneDrive_Desktop_cozystay_cozystay_backend_cozystay-backend_cozystay1] INFO  o.eclipse.m2e.core.internal.Bundles - 	Entry: C:\Users\nakka\OneDrive\Desktop\spring\sts-4.28.0.RELEASE\plugins\org.eclipse.m2e.maven.runtime_3.9.900.20240824-1409\jars\wagon-http-shared-3.5.3.jar
2025-11-27 15:40:51,180 [Worker-10: Launching Executing clean in C__Users_nakka_OneDrive_Desktop_cozystay_cozystay_backend_cozystay-backend_cozystay1] INFO  o.eclipse.m2e.core.internal.Bundles - 	Entry: C:\Users\nakka\OneDrive\Desktop\spring\sts-4.28.0.RELEASE\plugins\org.eclipse.m2e.maven.runtime_3.9.900.20240824-1409\jars\wagon-provider-api-3.5.3.jar
2025-11-27 15:40:51,185 [Worker-10: Launching Executing clean in C__Users_nakka_OneDrive_Desktop_cozystay_cozystay_backend_cozystay-backend_cozystay1] INFO  o.eclipse.m2e.core.internal.Bundles - getClasspathEntries(Bundle=com.google.guava_33.3.1.jre [29])
2025-11-27 15:40:51,188 [Worker-10: Launching Executing clean in C__Users_nakka_OneDrive_Desktop_cozystay_cozystay_backend_cozystay-backend_cozystay1] INFO  o.eclipse.m2e.core.internal.Bundles - 	Entry: C:\Users\nakka\OneDrive\Desktop\spring\sts-4.28.0.RELEASE\plugins\com.google.guava_33.3.1.jre.jar
2025-11-27 15:40:51,189 [Worker-10: Launching Executing clean in C__Users_nakka_OneDrive_Desktop_cozystay_cozystay_backend_cozystay-backend_cozystay1] INFO  o.eclipse.m2e.core.internal.Bundles - getClasspathEntries(Bundle=slf4j.api_2.0.16 [615])
2025-11-27 15:40:51,189 [Worker-10: Launching Executing clean in C__Users_nakka_OneDrive_Desktop_cozystay_cozystay_backend_cozystay-backend_cozystay1] INFO  o.eclipse.m2e.core.internal.Bundles - 	Entry: C:\Users\nakka\OneDrive\Desktop\spring\sts-4.28.0.RELEASE\plugins\slf4j.api_2.0.16.jar
2025-11-27 15:40:51,189 [Worker-10: Launching Executing clean in C__Users_nakka_OneDrive_Desktop_cozystay_cozystay_backend_cozystay-backend_cozystay1] INFO  o.eclipse.m2e.core.internal.Bundles - getClasspathEntries(Bundle=jakarta.inject.jakarta.inject-api_1.0.5 [45])
2025-11-27 15:40:51,191 [Worker-10: Launching Executing clean in C__Users_nakka_OneDrive_Desktop_cozystay_cozystay_backend_cozystay-backend_cozystay1] INFO  o.eclipse.m2e.core.internal.Bundles - 	Entry: C:\Users\nakka\OneDrive\Desktop\spring\sts-4.28.0.RELEASE\plugins\jakarta.inject.jakarta.inject-api_1.0.5.jar
2025-11-27 15:40:51,191 [Worker-10: Launching Executing clean in C__Users_nakka_OneDrive_Desktop_cozystay_cozystay_backend_cozystay-backend_cozystay1] INFO  o.eclipse.m2e.core.internal.Bundles - getClasspathEntries(Bundle=jakarta.annotation-api_1.3.5 [41])
2025-11-27 15:40:51,192 [Worker-10: Launching Executing clean in C__Users_nakka_OneDrive_Desktop_cozystay_cozystay_backend_cozystay-backend_cozystay1] INFO  o.eclipse.m2e.core.internal.Bundles - 	Entry: C:\Users\nakka\OneDrive\Desktop\spring\sts-4.28.0.RELEASE\plugins\jakarta.annotation-api_1.3.5.jar
2025-11-27 15:40:51,192 [Worker-10: Launching Executing clean in C__Users_nakka_OneDrive_Desktop_cozystay_cozystay_backend_cozystay-backend_cozystay1] INFO  o.eclipse.m2e.core.internal.Bundles - getClasspathEntries(Bundle=org.apache.commons.cli_1.9.0 [78])
2025-11-27 15:40:51,193 [Worker-10: Launching Executing clean in C__Users_nakka_OneDrive_Desktop_cozystay_cozystay_backend_cozystay-backend_cozystay1] INFO  o.eclipse.m2e.core.internal.Bundles - 	Entry: C:\Users\nakka\OneDrive\Desktop\spring\sts-4.28.0.RELEASE\plugins\org.apache.commons.cli_1.9.0.jar
2025-11-27 15:40:51,194 [Worker-10: Launching Executing clean in C__Users_nakka_OneDrive_Desktop_cozystay_cozystay_backend_cozystay-backend_cozystay1] INFO  o.eclipse.m2e.core.internal.Bundles - getClasspathEntries(Bundle=org.apache.commons.commons-codec_1.16.0 [81])
2025-11-27 15:40:51,196 [Worker-10: Launching Executing clean in C__Users_nakka_OneDrive_Desktop_cozystay_cozystay_backend_cozystay-backend_cozystay1] INFO  o.eclipse.m2e.core.internal.Bundles - 	Entry: C:\Users\nakka\OneDrive\Desktop\spring\sts-4.28.0.RELEASE\plugins\org.apache.commons.commons-codec_1.16.0.jar
2025-11-27 15:40:51,197 [Worker-10: Launching Executing clean in C__Users_nakka_OneDrive_Desktop_cozystay_cozystay_backend_cozystay-backend_cozystay1] INFO  o.eclipse.m2e.core.internal.Bundles - getClasspathEntries(Bundle=com.google.guava.failureaccess_1.0.2 [30])
2025-11-27 15:40:51,199 [Worker-10: Launching Executing clean in C__Users_nakka_OneDrive_Desktop_cozystay_cozystay_backend_cozystay-backend_cozystay1] INFO  o.eclipse.m2e.core.internal.Bundles - 	Entry: C:\Users\nakka\OneDrive\Desktop\spring\sts-4.28.0.RELEASE\plugins\com.google.guava.failureaccess_1.0.2.jar
2025-11-27 15:40:51,219 [Worker-10: Launching Executing clean in C__Users_nakka_OneDrive_Desktop_cozystay_cozystay_backend_cozystay-backend_cozystay1] INFO  o.e.m.i.launch.MavenLaunchDelegate - Run build in "C:\Users\nakka\OneDrive\Desktop\cozystay\cozystay\backend\cozystay-backend\cozystay1":
2025-11-27 15:40:51,229 [Worker-10: Launching Executing clean in C__Users_nakka_OneDrive_Desktop_cozystay_cozystay_backend_cozystay-backend_cozystay1] INFO  o.e.m.i.launch.MavenLaunchDelegate -  mvn  -Ppom.xml -B -Dstyle.color=always clean
2025-11-27 15:41:04,456 [Worker-13: Building] INFO  o.a.m.s.f.DefaultMavenResourcesFiltering - Copying 1 resource from src\main\resources to target\classes
2025-11-27 15:41:04,491 [Worker-13: Building] INFO  o.a.m.s.f.DefaultMavenResourcesFiltering - Copying 0 resource from src\main\resources to target\classes
2025-11-27 15:41:04,505 [Worker-13: Building] INFO  o.a.m.s.f.DefaultMavenResourcesFiltering - skip non existing resourceDirectory C:\Users\nakka\OneDrive\Desktop\cozystay\cozystay\backend\cozystay-backend\cozystay1\src\test\resources
2025-11-27 15:42:09,006 [main] INFO  o.e.m.jdt.internal.UnitTestSupport - Updating Cozystay1ApplicationTests from maven configuration
2025-11-27 15:42:19,640 [Worker-12: Building] INFO  o.a.m.s.f.DefaultMavenResourcesFiltering - Copying 1 resource from src\main\resources to target\classes
2025-11-27 15:42:19,744 [Worker-12: Building] INFO  o.a.m.s.f.DefaultMavenResourcesFiltering - Copying 0 resource from src\main\resources to target\classes
2025-11-27 15:42:19,752 [Worker-12: Building] INFO  o.a.m.s.f.DefaultMavenResourcesFiltering - skip non existing resourceDirectory C:\Users\nakka\OneDrive\Desktop\cozystay\cozystay\backend\cozystay-backend\cozystay1\src\test\resources
2025-11-27 15:43:52,498 [Worker-5: Loading available Gradle versions] INFO  o.e.b.c.i.u.g.PublishedGradleVersions - Gradle version information cache is up-to-date. Trying to read.
2025-11-27 15:58:13,775 [Worker-14: Building] INFO  o.a.m.s.f.DefaultMavenResourcesFiltering - Copying 0 resource from src\main\resources to target\classes
2025-11-27 15:58:13,784 [Worker-14: Building] INFO  o.a.m.s.f.DefaultMavenResourcesFiltering - Copying 0 resource from src\main\resources to target\classes
2025-11-27 15:58:13,796 [Worker-14: Building] INFO  o.a.m.s.f.DefaultMavenResourcesFiltering - skip non existing resourceDirectory C:\Users\nakka\OneDrive\Desktop\cozystay\cozystay\backend\cozystay-backend\cozystay1\src\test\resources
2025-11-27 16:01:19,364 [Worker-7: Loading available Gradle versions] INFO  o.e.b.c.i.u.g.PublishedGradleVersions - Gradle version information cache is up-to-date. Trying to read.
2025-11-27 16:03:08,741 [Worker-14: Building] INFO  o.a.m.s.f.DefaultMavenResourcesFiltering - Copying 1 resource from src\main\resources to target\classes
2025-11-27 16:03:08,812 [Worker-14: Building] INFO  o.a.m.s.f.DefaultMavenResourcesFiltering - Copying 0 resource from src\main\resources to target\classes
2025-11-27 16:03:08,857 [Worker-14: Building] INFO  o.a.m.s.f.DefaultMavenResourcesFiltering - skip non existing resourceDirectory C:\Users\nakka\OneDrive\Desktop\cozystay\cozystay\backend\cozystay-backend\cozystay1\src\test\resources
2025-11-27 16:28:34,202 [Worker-5: Loading available Gradle versions] INFO  o.e.b.c.i.u.g.PublishedGradleVersions - Gradle version information cache is up-to-date. Trying to read.
2025-11-27 16:31:08,480 [Worker-4: Loading available Gradle versions] INFO  o.e.b.c.i.u.g.PublishedGradleVersions - Gradle version information cache is up-to-date. Trying to read.
2025-11-27 16:34:03,319 [Worker-9: Building] INFO  o.a.m.s.f.DefaultMavenResourcesFiltering - Copying 1 resource from src\main\resources to target\classes
2025-11-27 16:34:03,375 [Worker-9: Building] INFO  o.a.m.s.f.DefaultMavenResourcesFiltering - Copying 0 resource from src\main\resources to target\classes
2025-11-27 16:34:03,392 [Worker-9: Building] INFO  o.a.m.s.f.DefaultMavenResourcesFiltering - skip non existing resourceDirectory C:\Users\nakka\OneDrive\Desktop\cozystay\cozystay\backend\cozystay-backend\cozystay1\src\test\resources
2025-11-27 16:34:31,214 [Worker-5: Updating Maven Project] INFO  o.e.m.c.i.p.ProjectConfigurationManager - Update started
2025-11-27 16:34:37,484 [Worker-5: Updating Maven Project] INFO  o.e.m.c.i.l.LifecycleMappingFactory - Using org.eclipse.m2e.jdt.JarLifecycleMapping lifecycle mapping for MavenProject: com.cozystay:cozystay-backend:1.0.0 @ C:\Users\nakka\OneDrive\Desktop\cozystay\cozystay\backend\cozystay-backend\cozystay1\pom.xml.
2025-11-27 16:34:40,584 [Worker-5: Updating Maven Project] INFO  o.e.m.j.i.AbstractJavaProjectConfigurator - Adding source folder /cozystay1/src/main/java
2025-11-27 16:34:40,597 [Worker-5: Updating Maven Project] INFO  o.e.m.j.i.AbstractJavaProjectConfigurator - Adding resource folder /cozystay1/src/main/resources
2025-11-27 16:34:40,601 [Worker-5: Updating Maven Project] INFO  o.e.m.j.i.AbstractJavaProjectConfigurator - Adding resource folder /cozystay1/src/main/resources
2025-11-27 16:34:40,604 [Worker-5: Updating Maven Project] INFO  o.e.m.j.i.AbstractJavaProjectConfigurator - Adding source folder /cozystay1/src/test/java
2025-11-27 16:34:40,609 [Worker-5: Updating Maven Project] INFO  o.e.m.j.i.AbstractJavaProjectConfigurator - Adding resource folder /cozystay1/src/test/resources
2025-11-27 16:34:41,574 [Worker-5: Updating Maven Project] INFO  o.e.m.jdt.internal.UnitTestSupport - Reset launch configuration name: Cozystay1ApplicationTests
2025-11-27 16:34:41,575 [Worker-5: Updating Maven Project] INFO  o.e.m.jdt.internal.UnitTestSupport - Updating Cozystay1ApplicationTests from maven configuration
2025-11-27 16:34:49,055 [Worker-5: Updating Maven Project] INFO  o.e.m.c.i.p.ProjectConfigurationManager - Update completed for 1 poms: local refresh takes 0.00 sec, refresh facades takes 8.00 sec, update config takes 8.00 sec 
2025-11-27 16:34:51,082 [Worker-1: Building] INFO  o.a.m.s.f.DefaultMavenResourcesFiltering - Copying 1 resource from src\main\resources to target\classes
2025-11-27 16:34:51,152 [Worker-1: Building] INFO  o.a.m.s.f.DefaultMavenResourcesFiltering - Copying 0 resource from src\main\resources to target\classes
2025-11-27 16:34:51,186 [Worker-1: Building] INFO  o.a.m.s.f.DefaultMavenResourcesFiltering - skip non existing resourceDirectory C:\Users\nakka\OneDrive\Desktop\cozystay\cozystay\backend\cozystay-backend\cozystay1\src\test\resources
2025-11-27 16:35:50,493 [Worker-5: Launching cozystay1 - Cozystay1Application] INFO  o.a.m.s.f.DefaultMavenResourcesFiltering - Copying 1 resource from src\main\resources to target\classes
2025-11-27 16:35:50,513 [Worker-5: Launching cozystay1 - Cozystay1Application] INFO  o.a.m.s.f.DefaultMavenResourcesFiltering - Copying 0 resource from src\main\resources to target\classes
2025-11-27 16:35:50,523 [Worker-5: Launching cozystay1 - Cozystay1Application] INFO  o.a.m.s.f.DefaultMavenResourcesFiltering - skip non existing resourceDirectory C:\Users\nakka\OneDrive\Desktop\cozystay\cozystay\backend\cozystay-backend\cozystay1\src\test\resources
2025-11-27 16:37:14,220 [Worker-7: Building] INFO  o.a.m.s.f.DefaultMavenResourcesFiltering - Copying 1 resource from src\main\resources to target\classes
2025-11-27 16:37:14,252 [Worker-7: Building] INFO  o.a.m.s.f.DefaultMavenResourcesFiltering - Copying 0 resource from src\main\resources to target\classes
2025-11-27 16:37:14,264 [Worker-7: Building] INFO  o.a.m.s.f.DefaultMavenResourcesFiltering - skip non existing resourceDirectory C:\Users\nakka\OneDrive\Desktop\cozystay\cozystay\backend\cozystay-backend\cozystay1\src\test\resources
2025-11-27 16:43:26,629 [Worker-2: Building] INFO  o.a.m.s.f.DefaultMavenResourcesFiltering - Copying 0 resource from src\main\resources to target\classes
2025-11-27 16:43:26,633 [Worker-2: Building] INFO  o.a.m.s.f.DefaultMavenResourcesFiltering - Copying 0 resource from src\main\resources to target\classes
2025-11-27 16:43:26,638 [Worker-2: Building] INFO  o.a.m.s.f.DefaultMavenResourcesFiltering - skip non existing resourceDirectory C:\Users\nakka\OneDrive\Desktop\cozystay\cozystay\backend\cozystay-backend\cozystay1\src\test\resources
2025-11-27 16:48:42,811 [Worker-2: Building] INFO  o.a.m.s.f.DefaultMavenResourcesFiltering - Copying 0 resource from src\main\resources to target\classes
2025-11-27 16:48:42,815 [Worker-2: Building] INFO  o.a.m.s.f.DefaultMavenResourcesFiltering - Copying 0 resource from src\main\resources to target\classes
2025-11-27 16:48:42,824 [Worker-2: Building] INFO  o.a.m.s.f.DefaultMavenResourcesFiltering - skip non existing resourceDirectory C:\Users\nakka\OneDrive\Desktop\cozystay\cozystay\backend\cozystay-backend\cozystay1\src\test\resources
2025-11-27 16:49:23,502 [Worker-0: Building] INFO  o.a.m.s.f.DefaultMavenResourcesFiltering - Copying 0 resource from src\main\resources to target\classes
2025-11-27 16:49:23,505 [Worker-0: Building] INFO  o.a.m.s.f.DefaultMavenResourcesFiltering - Copying 0 resource from src\main\resources to target\classes
2025-11-27 16:49:23,514 [Worker-0: Building] INFO  o.a.m.s.f.DefaultMavenResourcesFiltering - skip non existing resourceDirectory C:\Users\nakka\OneDrive\Desktop\cozystay\cozystay\backend\cozystay-backend\cozystay1\src\test\resources
2025-11-27 16:49:42,093 [Worker-1: Building] INFO  o.a.m.s.f.DefaultMavenResourcesFiltering - Copying 0 resource from src\main\resources to target\classes
2025-11-27 16:49:42,096 [Worker-1: Building] INFO  o.a.m.s.f.DefaultMavenResourcesFiltering - Copying 0 resource from src\main\resources to target\classes
2025-11-27 16:49:42,102 [Worker-1: Building] INFO  o.a.m.s.f.DefaultMavenResourcesFiltering - skip non existing resourceDirectory C:\Users\nakka\OneDrive\Desktop\cozystay\cozystay\backend\cozystay-backend\cozystay1\src\test\resources
2025-11-27 17:05:45,175 [Worker-2: Building] INFO  o.a.m.s.f.DefaultMavenResourcesFiltering - Copying 0 resource from src\main\resources to target\classes
2025-11-27 17:05:45,181 [Worker-2: Building] INFO  o.a.m.s.f.DefaultMavenResourcesFiltering - Copying 0 resource from src\main\resources to target\classes
2025-11-27 17:05:45,189 [Worker-2: Building] INFO  o.a.m.s.f.DefaultMavenResourcesFiltering - skip non existing resourceDirectory C:\Users\nakka\OneDrive\Desktop\cozystay\cozystay\backend\cozystay-backend\cozystay1\src\test\resources
2025-11-27 17:05:51,510 [Worker-1: Building] INFO  o.a.m.s.f.DefaultMavenResourcesFiltering - Copying 0 resource from src\main\resources to target\classes
2025-11-27 17:05:51,513 [Worker-1: Building] INFO  o.a.m.s.f.DefaultMavenResourcesFiltering - Copying 0 resource from src\main\resources to target\classes
2025-11-27 17:05:51,521 [Worker-1: Building] INFO  o.a.m.s.f.DefaultMavenResourcesFiltering - skip non existing resourceDirectory C:\Users\nakka\OneDrive\Desktop\cozystay\cozystay\backend\cozystay-backend\cozystay1\src\test\resources
2025-11-27 17:05:56,185 [Worker-8: Building] INFO  o.a.m.s.f.DefaultMavenResourcesFiltering - Copying 0 resource from src\main\resources to target\classes
2025-11-27 17:05:56,187 [Worker-8: Building] INFO  o.a.m.s.f.DefaultMavenResourcesFiltering - Copying 0 resource from src\main\resources to target\classes
2025-11-27 17:05:56,194 [Worker-8: Building] INFO  o.a.m.s.f.DefaultMavenResourcesFiltering - skip non existing resourceDirectory C:\Users\nakka\OneDrive\Desktop\cozystay\cozystay\backend\cozystay-backend\cozystay1\src\test\resources
2025-11-27 17:06:22,668 [Worker-5: Building] INFO  o.a.m.s.f.DefaultMavenResourcesFiltering - Copying 0 resource from src\main\resources to target\classes
2025-11-27 17:06:22,673 [Worker-5: Building] INFO  o.a.m.s.f.DefaultMavenResourcesFiltering - Copying 0 resource from src\main\resources to target\classes
2025-11-27 17:06:22,681 [Worker-5: Building] INFO  o.a.m.s.f.DefaultMavenResourcesFiltering - skip non existing resourceDirectory C:\Users\nakka\OneDrive\Desktop\cozystay\cozystay\backend\cozystay-backend\cozystay1\src\test\resources
2025-11-27 17:06:50,098 [Worker-6: Building] INFO  o.a.m.s.f.DefaultMavenResourcesFiltering - Copying 0 resource from src\main\resources to target\classes
2025-11-27 17:06:50,101 [Worker-6: Building] INFO  o.a.m.s.f.DefaultMavenResourcesFiltering - Copying 0 resource from src\main\resources to target\classes
2025-11-27 17:06:50,109 [Worker-6: Building] INFO  o.a.m.s.f.DefaultMavenResourcesFiltering - skip non existing resourceDirectory C:\Users\nakka\OneDrive\Desktop\cozystay\cozystay\backend\cozystay-backend\cozystay1\src\test\resources
2025-11-27 17:10:33,777 [Worker-6: Building] INFO  o.a.m.s.f.DefaultMavenResourcesFiltering - Copying 0 resource from src\main\resources to target\classes
2025-11-27 17:10:33,781 [Worker-6: Building] INFO  o.a.m.s.f.DefaultMavenResourcesFiltering - Copying 0 resource from src\main\resources to target\classes
2025-11-27 17:10:33,787 [Worker-6: Building] INFO  o.a.m.s.f.DefaultMavenResourcesFiltering - skip non existing resourceDirectory C:\Users\nakka\OneDrive\Desktop\cozystay\cozystay\backend\cozystay-backend\cozystay1\src\test\resources
2025-11-27 17:11:34,013 [Worker-1: Building] INFO  o.a.m.s.f.DefaultMavenResourcesFiltering - Copying 0 resource from src\main\resources to target\classes
2025-11-27 17:11:34,018 [Worker-1: Building] INFO  o.a.m.s.f.DefaultMavenResourcesFiltering - Copying 0 resource from src\main\resources to target\classes
2025-11-27 17:11:34,029 [Worker-1: Building] INFO  o.a.m.s.f.DefaultMavenResourcesFiltering - skip non existing resourceDirectory C:\Users\nakka\OneDrive\Desktop\cozystay\cozystay\backend\cozystay-backend\cozystay1\src\test\resources
2025-11-27 17:11:45,288 [Worker-2: Building] INFO  o.a.m.s.f.DefaultMavenResourcesFiltering - Copying 0 resource from src\main\resources to target\classes
2025-11-27 17:11:45,291 [Worker-2: Building] INFO  o.a.m.s.f.DefaultMavenResourcesFiltering - Copying 0 resource from src\main\resources to target\classes
2025-11-27 17:11:45,299 [Worker-2: Building] INFO  o.a.m.s.f.DefaultMavenResourcesFiltering - skip non existing resourceDirectory C:\Users\nakka\OneDrive\Desktop\cozystay\cozystay\backend\cozystay-backend\cozystay1\src\test\resources
2025-11-27 17:23:16,873 [Worker-5: Building] INFO  o.a.m.s.f.DefaultMavenResourcesFiltering - Copying 0 resource from src\main\resources to target\classes
2025-11-27 17:23:16,882 [Worker-5: Building] INFO  o.a.m.s.f.DefaultMavenResourcesFiltering - Copying 0 resource from src\main\resources to target\classes
2025-11-27 17:23:16,892 [Worker-5: Building] INFO  o.a.m.s.f.DefaultMavenResourcesFiltering - skip non existing resourceDirectory C:\Users\nakka\OneDrive\Desktop\cozystay\cozystay\backend\cozystay-backend\cozystay1\src\test\resources
2025-11-27 17:29:05,653 [Worker-5: Building] INFO  o.a.m.s.f.DefaultMavenResourcesFiltering - Copying 0 resource from src\main\resources to target\classes
2025-11-27 17:29:05,658 [Worker-5: Building] INFO  o.a.m.s.f.DefaultMavenResourcesFiltering - Copying 0 resource from src\main\resources to target\classes
2025-11-27 17:29:05,668 [Worker-5: Building] INFO  o.a.m.s.f.DefaultMavenResourcesFiltering - skip non existing resourceDirectory C:\Users\nakka\OneDrive\Desktop\cozystay\cozystay\backend\cozystay-backend\cozystay1\src\test\resources
2025-11-27 21:48:38,283 [Worker-20: Building] INFO  o.a.m.s.f.DefaultMavenResourcesFiltering - Copying 0 resource from src\main\resources to target\classes
2025-11-27 21:48:38,307 [Worker-20: Building] INFO  o.a.m.s.f.DefaultMavenResourcesFiltering - Copying 0 resource from src\main\resources to target\classes
2025-11-27 21:48:38,321 [Worker-20: Building] INFO  o.a.m.s.f.DefaultMavenResourcesFiltering - skip non existing resourceDirectory C:\Users\nakka\OneDrive\Desktop\cozystay\cozystay\backend\cozystay-backend\cozystay1\src\test\resources
2025-11-27 21:52:32,952 [Worker-21: Building] INFO  o.a.m.s.f.DefaultMavenResourcesFiltering - Copying 0 resource from src\main\resources to target\classes
2025-11-27 21:52:32,958 [Worker-21: Building] INFO  o.a.m.s.f.DefaultMavenResourcesFiltering - Copying 0 resource from src\main\resources to target\classes
2025-11-27 21:52:32,973 [Worker-21: Building] INFO  o.a.m.s.f.DefaultMavenResourcesFiltering - skip non existing resourceDirectory C:\Users\nakka\OneDrive\Desktop\cozystay\cozystay\backend\cozystay-backend\cozystay1\src\test\resources
2025-11-27 22:05:13,906 [Worker-15: Building] INFO  o.a.m.s.f.DefaultMavenResourcesFiltering - Copying 0 resource from src\main\resources to target\classes
2025-11-27 22:05:13,911 [Worker-15: Building] INFO  o.a.m.s.f.DefaultMavenResourcesFiltering - Copying 0 resource from src\main\resources to target\classes
2025-11-27 22:05:13,924 [Worker-15: Building] INFO  o.a.m.s.f.DefaultMavenResourcesFiltering - Copying 0 resource from src\test\resources to target\test-classes
2025-11-27 22:05:22,759 [Worker-18: Updating Maven Project] INFO  o.e.m.c.i.p.ProjectConfigurationManager - Update started
2025-11-27 22:05:27,833 [Worker-18: Updating Maven Project] INFO  o.e.m.c.i.l.LifecycleMappingFactory - Using org.eclipse.m2e.jdt.JarLifecycleMapping lifecycle mapping for MavenProject: com.cozystay:cozystay-backend:1.0.0 @ C:\Users\nakka\OneDrive\Desktop\cozystay\cozystay\backend\cozystay-backend\cozystay1\pom.xml.
2025-11-27 22:05:35,725 [Worker-18: Updating Maven Project] INFO  o.e.m.j.i.AbstractJavaProjectConfigurator - Adding source folder /cozystay1/src/main/java
2025-11-27 22:05:35,727 [Worker-18: Updating Maven Project] INFO  o.e.m.j.i.AbstractJavaProjectConfigurator - Adding resource folder /cozystay1/src/main/resources
2025-11-27 22:05:35,728 [Worker-18: Updating Maven Project] INFO  o.e.m.j.i.AbstractJavaProjectConfigurator - Adding resource folder /cozystay1/src/main/resources
2025-11-27 22:05:35,729 [Worker-18: Updating Maven Project] INFO  o.e.m.j.i.AbstractJavaProjectConfigurator - Adding source folder /cozystay1/src/test/java
2025-11-27 22:05:35,731 [Worker-18: Updating Maven Project] INFO  o.e.m.j.i.AbstractJavaProjectConfigurator - Adding resource folder /cozystay1/src/test/resources
2025-11-27 22:05:36,304 [Worker-18: Updating Maven Project] INFO  o.e.m.jdt.internal.UnitTestSupport - Reset launch configuration name: Cozystay1ApplicationTests
2025-11-27 22:05:36,304 [Worker-18: Updating Maven Project] INFO  o.e.m.jdt.internal.UnitTestSupport - Updating Cozystay1ApplicationTests from maven configuration
2025-11-27 22:05:37,485 [Worker-18: Updating Maven Project] INFO  o.e.m.c.i.p.ProjectConfigurationManager - Update completed for 1 poms: local refresh takes 0.00 sec, refresh facades takes 12.00 sec, update config takes 1.00 sec 
2025-11-27 22:05:40,026 [Worker-21: Building] INFO  o.a.m.s.f.DefaultMavenResourcesFiltering - Copying 1 resource from src\main\resources to target\classes
2025-11-27 22:05:40,157 [Worker-21: Building] INFO  o.a.m.s.f.DefaultMavenResourcesFiltering - Copying 0 resource from src\main\resources to target\classes
2025-11-27 22:05:40,214 [Worker-21: Building] INFO  o.a.m.s.f.DefaultMavenResourcesFiltering - Copying 0 resource from src\test\resources to target\test-classes
2025-11-27 22:23:59,717 [Worker-27: Building] INFO  o.a.m.s.f.DefaultMavenResourcesFiltering - Copying 1 resource from src\main\resources to target\classes
2025-11-27 22:23:59,779 [Worker-27: Building] INFO  o.a.m.s.f.DefaultMavenResourcesFiltering - Copying 0 resource from src\main\resources to target\classes
2025-11-27 22:23:59,787 [Worker-27: Building] INFO  o.a.m.s.f.DefaultMavenResourcesFiltering - Copying 0 resource from src\test\resources to target\test-classes
2025-11-27 22:25:59,300 [Worker-18: Building] INFO  o.a.m.s.f.DefaultMavenResourcesFiltering - Copying 1 resource from src\main\resources to target\classes
2025-11-27 22:25:59,311 [Worker-18: Building] INFO  o.a.m.s.f.DefaultMavenResourcesFiltering - Copying 0 resource from src\main\resources to target\classes
2025-11-27 22:25:59,320 [Worker-18: Building] INFO  o.a.m.s.f.DefaultMavenResourcesFiltering - Copying 0 resource from src\test\resources to target\test-classes
2025-11-27 22:26:21,924 [Worker-23: Building] INFO  o.a.m.s.f.DefaultMavenResourcesFiltering - Copying 1 resource from src\main\resources to target\classes
2025-11-27 22:26:21,946 [Worker-23: Building] INFO  o.a.m.s.f.DefaultMavenResourcesFiltering - Copying 0 resource from src\main\resources to target\classes
2025-11-27 22:26:21,957 [Worker-23: Building] INFO  o.a.m.s.f.DefaultMavenResourcesFiltering - Copying 0 resource from src\test\resources to target\test-classes
2025-11-27 22:34:33,021 [Worker-33: Building] INFO  o.e.m.c.i.l.LifecycleMappingFactory - Using org.eclipse.m2e.jdt.JarLifecycleMapping lifecycle mapping for MavenProject: com.cozystay:cozystay-backend:1.0.0 @ C:\Users\nakka\OneDrive\Desktop\cozystay\cozystay\backend\cozystay-backend\cozystay1\pom.xml.
2025-11-27 22:34:36,103 [Worker-33: Building] INFO  o.a.m.s.f.DefaultMavenResourcesFiltering - Copying 0 resource from src\main\resources to target\classes
2025-11-27 22:34:36,109 [Worker-33: Building] INFO  o.a.m.s.f.DefaultMavenResourcesFiltering - Copying 0 resource from src\main\resources to target\classes
2025-11-27 22:34:36,126 [Worker-33: Building] INFO  o.a.m.s.f.DefaultMavenResourcesFiltering - Copying 0 resource from src\test\resources to target\test-classes
2025-11-27 22:34:38,135 [Worker-18: Building] INFO  o.a.m.s.f.DefaultMavenResourcesFiltering - Copying 1 resource from src\main\resources to target\classes
2025-11-27 22:34:38,177 [Worker-18: Building] INFO  o.a.m.s.f.DefaultMavenResourcesFiltering - Copying 0 resource from src\main\resources to target\classes
2025-11-27 22:34:38,186 [Worker-18: Building] INFO  o.a.m.s.f.DefaultMavenResourcesFiltering - Copying 0 resource from src\test\resources to target\test-classes
2025-11-27 22:42:31,657 [Worker-23: Building] INFO  o.a.m.s.f.DefaultMavenResourcesFiltering - Copying 1 resource from src\main\resources to target\classes
2025-11-27 22:42:31,677 [Worker-23: Building] INFO  o.a.m.s.f.DefaultMavenResourcesFiltering - Copying 0 resource from src\main\resources to target\classes
2025-11-27 22:42:31,687 [Worker-23: Building] INFO  o.a.m.s.f.DefaultMavenResourcesFiltering - Copying 0 resource from src\test\resources to target\test-classes
2025-11-27 22:44:39,843 [Worker-15: Building] INFO  o.a.m.s.f.DefaultMavenResourcesFiltering - Copying 1 resource from src\main\resources to target\classes
2025-11-27 22:44:39,860 [Worker-15: Building] INFO  o.a.m.s.f.DefaultMavenResourcesFiltering - Copying 0 resource from src\main\resources to target\classes
2025-11-27 22:44:39,874 [Worker-15: Building] INFO  o.a.m.s.f.DefaultMavenResourcesFiltering - Copying 0 resource from src\test\resources to target\test-classes
2025-11-27 22:49:15,634 [Worker-28: Building] INFO  o.e.m.c.i.l.LifecycleMappingFactory - Using org.eclipse.m2e.jdt.JarLifecycleMapping lifecycle mapping for MavenProject: com.cozystay:cozystay-backend:1.0.0 @ C:\Users\nakka\OneDrive\Desktop\cozystay\cozystay\backend\cozystay-backend\cozystay1\pom.xml.
2025-11-27 22:49:17,803 [Worker-28: Building] INFO  o.a.m.s.f.DefaultMavenResourcesFiltering - Copying 0 resource from src\main\resources to target\classes
2025-11-27 22:49:17,807 [Worker-28: Building] INFO  o.a.m.s.f.DefaultMavenResourcesFiltering - Copying 0 resource from src\main\resources to target\classes
2025-11-27 22:49:17,821 [Worker-28: Building] INFO  o.a.m.s.f.DefaultMavenResourcesFiltering - Copying 0 resource from src\test\resources to target\test-classes
2025-11-27 22:50:12,358 [Worker-26: Building] INFO  o.a.m.s.f.DefaultMavenResourcesFiltering - Copying 1 resource from src\main\resources to target\classes
2025-11-27 22:50:12,404 [Worker-26: Building] INFO  o.a.m.s.f.DefaultMavenResourcesFiltering - Copying 0 resource from src\main\resources to target\classes
2025-11-27 22:50:12,413 [Worker-26: Building] INFO  o.a.m.s.f.DefaultMavenResourcesFiltering - Copying 0 resource from src\test\resources to target\test-classes
2025-11-27 22:55:37,072 [Worker-27: Building] INFO  o.a.m.s.f.DefaultMavenResourcesFiltering - Copying 1 resource from src\main\resources to target\classes
2025-11-27 22:55:37,096 [Worker-27: Building] INFO  o.a.m.s.f.DefaultMavenResourcesFiltering - Copying 0 resource from src\main\resources to target\classes
2025-11-27 22:55:37,107 [Worker-27: Building] INFO  o.a.m.s.f.DefaultMavenResourcesFiltering - Copying 0 resource from src\test\resources to target\test-classes
2025-11-27 22:58:03,639 [Worker-18: Building] INFO  o.a.m.s.f.DefaultMavenResourcesFiltering - Copying 1 resource from src\main\resources to target\classes
2025-11-27 22:58:03,744 [Worker-18: Building] INFO  o.a.m.s.f.DefaultMavenResourcesFiltering - Copying 0 resource from src\main\resources to target\classes
2025-11-27 22:58:03,759 [Worker-18: Building] INFO  o.a.m.s.f.DefaultMavenResourcesFiltering - Copying 0 resource from src\test\resources to target\test-classes
2025-11-27 23:02:43,077 [Worker-18: Updating Maven Project] INFO  o.e.m.c.i.p.ProjectConfigurationManager - Update started
2025-11-27 23:02:44,330 [Worker-18: Updating Maven Project] INFO  o.e.m.c.i.l.LifecycleMappingFactory - Using org.eclipse.m2e.jdt.JarLifecycleMapping lifecycle mapping for MavenProject: com.cozystay:cozystay-backend:1.0.0 @ C:\Users\nakka\OneDrive\Desktop\cozystay\cozystay\backend\cozystay-backend\cozystay1\pom.xml.
2025-11-27 23:02:45,940 [Worker-18: Updating Maven Project] INFO  o.e.m.j.i.AbstractJavaProjectConfigurator - Adding source folder /cozystay1/src/main/java
2025-11-27 23:02:45,942 [Worker-18: Updating Maven Project] INFO  o.e.m.j.i.AbstractJavaProjectConfigurator - Adding resource folder /cozystay1/src/main/resources
2025-11-27 23:02:45,944 [Worker-18: Updating Maven Project] INFO  o.e.m.j.i.AbstractJavaProjectConfigurator - Adding resource folder /cozystay1/src/main/resources
2025-11-27 23:02:45,944 [Worker-18: Updating Maven Project] INFO  o.e.m.j.i.AbstractJavaProjectConfigurator - Adding source folder /cozystay1/src/test/java
2025-11-27 23:02:45,945 [Worker-18: Updating Maven Project] INFO  o.e.m.j.i.AbstractJavaProjectConfigurator - Adding resource folder /cozystay1/src/test/resources
2025-11-27 23:02:46,330 [Worker-18: Updating Maven Project] INFO  o.e.m.jdt.internal.UnitTestSupport - Reset launch configuration name: Cozystay1ApplicationTests
2025-11-27 23:02:46,330 [Worker-18: Updating Maven Project] INFO  o.e.m.jdt.internal.UnitTestSupport - Updating Cozystay1ApplicationTests from maven configuration
2025-11-27 23:02:46,868 [Worker-18: Updating Maven Project] INFO  o.e.m.c.i.p.ProjectConfigurationManager - Update completed for 1 poms: local refresh takes 0.00 sec, refresh facades takes 2.00 sec, update config takes 0.00 sec 
2025-11-27 23:02:48,448 [Worker-33: Building] INFO  o.a.m.s.f.DefaultMavenResourcesFiltering - Copying 1 resource from src\main\resources to target\classes
2025-11-27 23:02:48,495 [Worker-33: Building] INFO  o.a.m.s.f.DefaultMavenResourcesFiltering - Copying 0 resource from src\main\resources to target\classes
2025-11-27 23:02:48,510 [Worker-33: Building] INFO  o.a.m.s.f.DefaultMavenResourcesFiltering - Copying 0 resource from src\test\resources to target\test-classes
2025-11-27 23:04:04,301 [Worker-15: Building] INFO  o.a.m.s.f.DefaultMavenResourcesFiltering - Copying 1 resource from src\main\resources to target\classes
2025-11-27 23:04:04,336 [Worker-15: Building] INFO  o.a.m.s.f.DefaultMavenResourcesFiltering - Copying 0 resource from src\main\resources to target\classes
2025-11-27 23:04:04,351 [Worker-15: Building] INFO  o.a.m.s.f.DefaultMavenResourcesFiltering - Copying 0 resource from src\test\resources to target\test-classes
2025-11-27 23:04:44,415 [Worker-26: Building] INFO  o.a.m.s.f.DefaultMavenResourcesFiltering - Copying 1 resource from src\main\resources to target\classes
2025-11-27 23:04:44,427 [Worker-26: Building] INFO  o.a.m.s.f.DefaultMavenResourcesFiltering - Copying 0 resource from src\main\resources to target\classes
2025-11-27 23:04:44,437 [Worker-26: Building] INFO  o.a.m.s.f.DefaultMavenResourcesFiltering - Copying 0 resource from src\test\resources to target\test-classes
2025-11-27 23:05:33,560 [Worker-32: Building] INFO  o.a.m.s.f.DefaultMavenResourcesFiltering - Copying 1 resource from src\main\resources to target\classes
2025-11-27 23:05:33,579 [Worker-32: Building] INFO  o.a.m.s.f.DefaultMavenResourcesFiltering - Copying 0 resource from src\main\resources to target\classes
2025-11-27 23:05:33,591 [Worker-32: Building] INFO  o.a.m.s.f.DefaultMavenResourcesFiltering - Copying 0 resource from src\test\resources to target\test-classes
2025-11-27 23:14:56,964 [Worker-34: Building] INFO  o.a.m.s.f.DefaultMavenResourcesFiltering - Copying 1 resource from src\main\resources to target\classes
2025-11-27 23:14:57,051 [Worker-34: Building] INFO  o.a.m.s.f.DefaultMavenResourcesFiltering - Copying 0 resource from src\main\resources to target\classes
2025-11-27 23:14:57,060 [Worker-34: Building] INFO  o.a.m.s.f.DefaultMavenResourcesFiltering - Copying 0 resource from src\test\resources to target\test-classes
2025-11-27 23:17:32,807 [Worker-29: Building] INFO  o.a.m.s.f.DefaultMavenResourcesFiltering - Copying 1 resource from src\main\resources to target\classes
2025-11-27 23:17:32,923 [Worker-29: Building] INFO  o.a.m.s.f.DefaultMavenResourcesFiltering - Copying 0 resource from src\main\resources to target\classes
2025-11-27 23:17:32,936 [Worker-29: Building] INFO  o.a.m.s.f.DefaultMavenResourcesFiltering - Copying 0 resource from src\test\resources to target\test-classes
2025-11-27 23:28:05,780 [Worker-34: Building] INFO  o.e.m.c.i.l.LifecycleMappingFactory - Using org.eclipse.m2e.jdt.JarLifecycleMapping lifecycle mapping for MavenProject: com.cozystay:cozystay-backend:1.0.0 @ C:\Users\nakka\OneDrive\Desktop\cozystay\cozystay\backend\cozystay-backend\cozystay1\pom.xml.
2025-11-27 23:28:09,261 [Worker-34: Building] INFO  o.a.m.s.f.DefaultMavenResourcesFiltering - Copying 0 resource from src\main\resources to target\classes
2025-11-27 23:28:09,266 [Worker-34: Building] INFO  o.a.m.s.f.DefaultMavenResourcesFiltering - Copying 0 resource from src\main\resources to target\classes
2025-11-27 23:28:09,283 [Worker-34: Building] INFO  o.a.m.s.f.DefaultMavenResourcesFiltering - Copying 0 resource from src\test\resources to target\test-classes
2025-11-27 23:28:12,333 [Worker-34: Building] INFO  o.a.m.s.f.DefaultMavenResourcesFiltering - Copying 1 resource from src\main\resources to target\classes
2025-11-27 23:28:12,444 [Worker-34: Building] INFO  o.a.m.s.f.DefaultMavenResourcesFiltering - Copying 0 resource from src\main\resources to target\classes
2025-11-27 23:28:12,454 [Worker-34: Building] INFO  o.a.m.s.f.DefaultMavenResourcesFiltering - Copying 0 resource from src\test\resources to target\test-classes
2025-11-27 23:31:01,867 [Worker-33: Launching cozystay1 - Cozystay1Application] INFO  o.a.m.s.f.DefaultMavenResourcesFiltering - Copying 1 resource from src\main\resources to target\classes
2025-11-27 23:31:01,946 [Worker-33: Launching cozystay1 - Cozystay1Application] INFO  o.a.m.s.f.DefaultMavenResourcesFiltering - Copying 0 resource from src\main\resources to target\classes
2025-11-27 23:31:01,952 [Worker-33: Launching cozystay1 - Cozystay1Application] INFO  o.a.m.s.f.DefaultMavenResourcesFiltering - Copying 0 resource from src\test\resources to target\test-classes
2025-11-27 23:32:09,634 [Worker-33: Updating Maven Project] INFO  o.e.m.c.i.p.ProjectConfigurationManager - Update started
2025-11-27 23:32:10,582 [Worker-33: Updating Maven Project] INFO  o.e.m.c.i.l.LifecycleMappingFactory - Using org.eclipse.m2e.jdt.JarLifecycleMapping lifecycle mapping for MavenProject: com.cozystay:cozystay-backend:1.0.0 @ C:\Users\nakka\OneDrive\Desktop\cozystay\cozystay\backend\cozystay-backend\cozystay1\pom.xml.
2025-11-27 23:32:12,329 [Worker-33: Updating Maven Project] INFO  o.e.m.j.i.AbstractJavaProjectConfigurator - Adding source folder /cozystay1/src/main/java
2025-11-27 23:32:12,331 [Worker-33: Updating Maven Project] INFO  o.e.m.j.i.AbstractJavaProjectConfigurator - Adding resource folder /cozystay1/src/main/resources
2025-11-27 23:32:12,333 [Worker-33: Updating Maven Project] INFO  o.e.m.j.i.AbstractJavaProjectConfigurator - Adding resource folder /cozystay1/src/main/resources
2025-11-27 23:32:12,334 [Worker-33: Updating Maven Project] INFO  o.e.m.j.i.AbstractJavaProjectConfigurator - Adding source folder /cozystay1/src/test/java
2025-11-27 23:32:12,336 [Worker-33: Updating Maven Project] INFO  o.e.m.j.i.AbstractJavaProjectConfigurator - Adding resource folder /cozystay1/src/test/resources
2025-11-27 23:32:12,757 [Worker-33: Updating Maven Project] INFO  o.e.m.jdt.internal.UnitTestSupport - Reset launch configuration name: Cozystay1ApplicationTests
2025-11-27 23:32:12,757 [Worker-33: Updating Maven Project] INFO  o.e.m.jdt.internal.UnitTestSupport - Updating Cozystay1ApplicationTests from maven configuration
2025-11-27 23:32:13,392 [Worker-33: Updating Maven Project] INFO  o.e.m.c.i.p.ProjectConfigurationManager - Update completed for 1 poms: local refresh takes 0.00 sec, refresh facades takes 2.00 sec, update config takes 0.00 sec 
2025-11-27 23:32:14,322 [Worker-29: Building] INFO  o.a.m.s.f.DefaultMavenResourcesFiltering - Copying 1 resource from src\main\resources to target\classes
2025-11-27 23:32:14,348 [Worker-29: Building] INFO  o.a.m.s.f.DefaultMavenResourcesFiltering - Copying 0 resource from src\main\resources to target\classes
2025-11-27 23:32:14,357 [Worker-29: Building] INFO  o.a.m.s.f.DefaultMavenResourcesFiltering - Copying 0 resource from src\test\resources to target\test-classes
2025-11-27 23:37:22,478 [Worker-33: Building] INFO  o.e.m.c.i.l.LifecycleMappingFactory - Using org.eclipse.m2e.jdt.JarLifecycleMapping lifecycle mapping for MavenProject: com.cozystay:cozystay-backend:1.0.0 @ C:\Users\nakka\OneDrive\Desktop\cozystay\cozystay\backend\cozystay-backend\cozystay1\pom.xml.
2025-11-27 23:37:24,480 [Worker-33: Building] INFO  o.a.m.s.f.DefaultMavenResourcesFiltering - Copying 0 resource from src\main\resources to target\classes
2025-11-27 23:37:24,483 [Worker-33: Building] INFO  o.a.m.s.f.DefaultMavenResourcesFiltering - Copying 0 resource from src\main\resources to target\classes
2025-11-27 23:37:24,492 [Worker-33: Building] INFO  o.a.m.s.f.DefaultMavenResourcesFiltering - Copying 0 resource from src\test\resources to target\test-classes
2025-11-27 23:37:26,080 [Worker-33: Building] INFO  o.a.m.s.f.DefaultMavenResourcesFiltering - Copying 1 resource from src\main\resources to target\classes
2025-11-27 23:37:26,116 [Worker-33: Building] INFO  o.a.m.s.f.DefaultMavenResourcesFiltering - Copying 0 resource from src\main\resources to target\classes
2025-11-27 23:37:26,125 [Worker-33: Building] INFO  o.a.m.s.f.DefaultMavenResourcesFiltering - Copying 0 resource from src\test\resources to target\test-classes
2025-11-27 23:40:53,423 [Worker-35: Building] INFO  o.a.m.s.f.DefaultMavenResourcesFiltering - Copying 1 resource from src\main\resources to target\classes
2025-11-27 23:40:53,459 [Worker-35: Building] INFO  o.a.m.s.f.DefaultMavenResourcesFiltering - Copying 0 resource from src\main\resources to target\classes
2025-11-27 23:40:53,469 [Worker-35: Building] INFO  o.a.m.s.f.DefaultMavenResourcesFiltering - Copying 0 resource from src\test\resources to target\test-classes
2025-11-27 23:41:45,021 [Worker-23: Building] INFO  o.a.m.s.f.DefaultMavenResourcesFiltering - Copying 1 resource from src\main\resources to target\classes
2025-11-27 23:41:45,051 [Worker-23: Building] INFO  o.a.m.s.f.DefaultMavenResourcesFiltering - Copying 0 resource from src\main\resources to target\classes
2025-11-27 23:41:45,062 [Worker-23: Building] INFO  o.a.m.s.f.DefaultMavenResourcesFiltering - Copying 0 resource from src\test\resources to target\test-classes
